"GDP, current prices (Billions of U.S. dollars)",1980,1981,1982,1983,1984,1985,1986,1987,1988,1989,1990,1991,1992,1993,1994,1995,1996,1997,1998,1999,2000,2001,2002,2003,2004,2005,2006,2007,2008,2009,2010,2011,2012,2013,2014,2015,2016,2017,2018,2019,2020,2021,2022,2023,2024,2025,2026
Afghanistan,no data,no data,no data,no data,no data,no data,no data,no data,no data,no data,no data,no data,no data,no data,no data,no data,no data,no data,no data,no data,no data,no data,4.367,4.553,5.146,6.167,6.925,8.556,10.297,12.066,15.325,17.89,20.293,20.17,20.616,20.057,18.02,18.883,18.401,18.876,20.136,no data,no data,no data,no data,no data,no data
Albania,1.946,2.229,2.296,2.319,2.29,2.339,2.587,2.566,2.53,2.779,2.221,1.333,0.843,1.461,2.361,2.882,3.2,2.259,2.56,3.209,3.483,3.928,4.348,5.611,7.185,8.052,8.896,10.677,12.881,12.044,11.937,12.899,12.324,12.784,13.246,11.389,11.862,13.053,15.147,15.283,14.828,16.77,18.012,18.931,20.026,21.15,22.308
Algeria,42.346,44.372,44.78,47.529,51.513,61.132,61.535,63.3,51.664,52.558,61.892,46.67,49.217,50.963,42.426,42.066,46.941,48.178,48.188,48.845,54.749,54.745,56.761,67.864,85.332,103.198,117.027,134.977,171.001,137.211,161.207,200.02,209.059,209.755,213.81,165.979,160.034,170.207,175.367,171.07,147.6,163.812,168.195,172.094,173.719,174.376,175.228
Andorra,no data,no data,no data,no data,no data,no data,no data,no data,no data,no data,no data,no data,no data,no data,no data,no data,no data,no data,no data,no data,1.429,1.547,1.758,2.362,2.896,3.158,3.456,3.952,4.082,3.675,3.446,3.625,3.189,3.193,3.267,2.789,2.895,2.993,3.217,3.155,2.858,3.213,3.46,3.659,3.851,4.017,4.179
Angola,6.639,6.214,6.214,6.476,6.864,8.457,7.918,9.05,9.818,11.421,12.571,12.186,9.395,6.819,4.965,6.197,7.994,9.388,7.958,7.526,11.166,10.93,15.286,17.813,23.552,36.971,52.381,65.266,88.539,70.307,83.799,111.79,128.053,136.71,145.712,116.194,101.124,122.022,101.353,84.516,58.376,70.339,74.953,79.304,84.614,90.888,96.437
Antigua and Barbuda,0.131,0.148,0.164,0.182,0.208,0.241,0.29,0.337,0.399,0.439,0.459,0.482,0.499,0.535,0.589,0.577,0.634,0.681,0.728,0.766,0.826,0.8,0.814,0.856,0.92,1.023,1.158,1.313,1.37,1.228,1.149,1.138,1.2,1.181,1.25,1.337,1.437,1.468,1.605,1.687,1.37,1.405,1.534,1.652,1.759,1.855,1.943
Argentina,233.696,189.802,94.25,116.267,130.544,98.599,118.565,121.561,142.386,91.352,158.024,211.979,255.787,264.429,287.835,288.497,304.282,327.436,334.244,316.998,317.759,300.421,112.458,142.431,164.911,199.273,232.892,287.921,363.545,334.633,424.729,527.644,579.666,611.471,563.614,642.464,556.774,643.861,524.431,451.815,389.064,455.172,483.765,476.485,488.269,511.523,536.229
Armenia,no data,no data,no data,no data,no data,no data,no data,no data,no data,no data,no data,no data,0.108,0.835,0.648,1.287,1.597,1.639,1.892,1.845,1.912,2.118,2.376,2.807,3.577,4.9,6.384,9.206,11.662,8.648,9.26,10.142,10.619,11.121,11.61,10.553,10.546,11.527,12.458,13.619,12.641,13.612,15.06,16.157,17.369,18.684,20.084
Aruba,no data,no data,no data,no data,no data,no data,no data,no data,no data,no data,no data,no data,no data,no data,no data,1.321,1.38,1.532,1.665,1.723,1.873,1.896,1.962,2.044,2.255,2.36,2.47,2.678,2.843,2.554,2.454,2.638,2.615,2.728,2.791,2.963,2.984,3.092,3.202,3.31,2.497,2.865,3.127,3.369,3.5,3.602,3.701
Australia,162.628,188.067,186.709,179.151,196.777,174.067,181.147,212.712,270.594,307.72,323.397,323.783,317.475,308.756,352.564,378.135,423.544,425.536,380.614,411.059,399.101,376.714,424.425,539.562,656.735,734.053,781.294,947.89,1055.511,998.925,1251.856,1513.683,1569.311,1518.426,1457.381,1234.838,1266.196,1385.202,1421.194,1392.328,1359.372,1610.556,1677.451,1772.047,1864.875,1957.353,2051.564
Austria,80.923,70.121,70.111,71.032,67.007,68.624,97.375,121.771,133.591,133.263,166.866,174.435,195.506,190.383,203.97,241.234,237.343,213.045,218.557,217.475,197.377,197.51,214.243,262.208,301.321,316.267,336.298,389.231,432.005,401.323,392.595,431.609,409.661,430.197,442.699,382.01,395.728,417.091,455.301,445.125,432.524,481.209,520.343,545.757,574.923,614.113,649.508
Azerbaijan,no data,no data,no data,no data,no data,no data,no data,no data,no data,no data,no data,no data,1.193,1.309,2.258,2.417,3.177,3.963,4.28,4.581,5.273,5.475,6.232,7.276,8.682,13.273,21.027,33.09,48.979,44.289,52.913,65.99,69.687,74.16,75.24,50.844,37.83,41.375,47.113,48.174,42.607,52.645,54.725,55.975,57.604,59.556,61.797
"Bahamas, The",2.598,2.692,3.031,3.373,3.603,3.923,4.241,4.669,4.855,5.473,5.218,5.128,5.125,5.097,5.372,5.653,5.95,6.332,6.833,7.684,8.076,8.318,8.881,8.87,9.055,9.836,10.167,10.618,10.526,9.982,10.096,10.07,10.72,10.495,11.143,11.891,11.993,12.36,12.838,13.164,9.908,10.681,12.039,12.884,13.688,14.282,14.843
Bahrain,3.593,4.056,4.264,4.368,4.534,4.278,3.347,3.626,4.481,4.675,4.965,5.209,5.442,5.986,6.411,6.787,7.057,7.318,6.996,7.582,9.063,9.189,9.594,11.075,13.15,15.969,18.505,21.73,25.711,22.938,25.713,28.777,30.749,32.539,33.388,31.051,32.235,35.474,37.652,38.467,34.729,39.104,41.057,42.867,44.905,47.11,49.44
Bangladesh,22.561,22.353,20.93,20.274,22.744,24.442,25.138,27.521,29.612,32.289,34.831,36.036,36.718,37.05,39.386,43.969,47.025,48.935,51.158,53.109,54.348,54.502,55.759,60.108,65.666,69.461,71.815,79.617,91.63,102.478,115.279,128.605,133.304,150.026,172.887,195.147,221.398,249.695,273.3,302.397,323.057,355.689,390.608,429.417,470.832,516.242,565.502
Barbados,1.018,1.12,1.171,1.243,1.355,1.418,1.557,1.714,1.823,2.018,2.024,2.032,1.957,2.075,2.163,2.229,2.377,2.513,2.833,2.969,3.059,3.055,3.106,3.21,3.444,3.82,4.217,4.674,4.785,4.466,4.53,4.658,4.61,4.677,4.696,4.715,4.83,4.978,5.087,5.298,4.418,4.648,5.142,5.496,5.769,6.011,6.262
Belarus,no data,no data,no data,no data,no data,no data,no data,no data,no data,no data,no data,no data,12.8,11.408,15.687,10.532,14.494,14.091,15.215,12.133,10.785,12.778,15.092,18.42,23.928,31.239,38.219,46.815,62.798,50.855,57.22,61.368,65.669,75.496,78.736,56.329,47.703,54.723,60.011,64.414,60.201,65.754,70.632,73.236,76.771,79.944,82.863
Belgium,123.478,102.245,89.958,85.037,81.237,84.467,117.063,145.411,158.097,159.816,200.149,205.369,228.732,218.72,238.622,288.301,279.292,253.022,258.876,258.5,236.897,236.748,258.2,318.004,369.047,385.927,408.281,470.978,517.27,482.73,481.814,523.239,496.467,521.799,535.529,462.383,475.931,502.587,543.923,533.313,514.92,581.848,619.16,650.836,680.048,708.703,736.648
Belize,0.172,0.179,0.179,0.189,0.211,0.209,0.228,0.267,0.315,0.363,0.412,0.445,0.518,0.56,0.581,0.62,0.641,0.654,0.689,0.733,0.832,0.872,0.933,0.981,1.051,1.103,1.211,1.272,1.351,1.299,1.377,1.461,1.523,1.579,1.667,1.722,1.789,1.859,1.916,1.983,1.706,1.909,2.062,2.162,2.25,2.34,2.435
Benin,2.302,1.557,1.542,1.365,1.456,1.58,2.036,2.43,2.552,2.37,2.89,2.954,3.284,3.199,2.227,2.993,3.251,3.124,3.362,3.681,3.522,3.666,4.191,5.348,6.187,6.571,7.034,8.17,9.787,9.728,9.543,10.691,11.148,12.518,13.288,11.389,11.818,12.697,14.257,14.392,15.674,18.067,19.917,21.84,23.965,26.273,28.705
Bhutan,0.123,0.133,0.14,0.151,0.156,0.162,0.183,0.222,0.254,0.253,0.273,0.236,0.231,0.242,0.245,0.287,0.301,0.337,0.371,0.389,0.423,0.441,0.481,0.572,0.649,0.758,0.821,1.005,1.26,1.184,1.399,1.696,1.772,1.805,1.784,1.922,2.025,2.365,2.411,2.488,2.503,2.48,2.74,3,3.33,3.619,3.922
Bolivia,3.589,3.44,3.813,3.609,3.752,4.059,3.97,4.323,4.598,4.716,4.868,5.335,5.635,5.724,5.974,6.707,7.385,7.919,8.49,8.269,8.385,8.155,7.917,8.092,8.785,9.573,11.52,13.216,16.792,17.464,19.786,24.135,27.282,30.883,33.237,33.241,34.189,37.782,40.581,41.193,36.839,38.547,40.895,43.867,47.039,50.391,53.928
Bosnia and Herzegovina,no data,no data,no data,no data,no data,no data,no data,no data,no data,no data,no data,no data,no data,no data,no data,no data,3.584,4.578,5.281,5.766,5.554,5.784,6.711,8.477,10.157,10.935,12.46,15.323,18.712,17.601,17.164,18.629,17.207,18.155,18.522,16.21,16.91,18.081,20.184,20.203,19.789,21.692,23.006,24.521,26.091,27.779,29.508
Botswana,1.132,1,1.055,1.165,1.157,1.077,1.461,2.289,2.971,3.317,3.663,3.666,3.788,3.815,4.105,4.558,4.702,4.84,4.642,5.284,5.59,5.312,5.256,7.263,8.637,9.646,9.802,10.54,10.623,9.895,12.325,14.829,15.519,14.368,15.663,13.602,15.094,16.068,16.914,16.592,15.064,17.605,19.002,20.614,22.22,23.793,26.094
Brazil,145.819,167.583,179.166,143.652,142.957,226.938,263.256,286.539,320.105,439.434,455.335,399.249,382.465,429.184,546.764,770.86,851.146,883.862,864.307,599.642,655.454,559.982,509.798,558.232,669.29,891.633,1107.628,1397.114,1695.855,1669.204,2208.704,2614.027,2464.054,2471.718,2456.055,1800.046,1796.622,2063.518,1916.934,1877.822,1444.718,1645.837,1810.612,1958.406,2120.208,2255.673,2387.808
Brunei Darussalam,no data,no data,no data,no data,no data,4.419,2.695,3.095,2.946,3.304,3.896,4.096,4.631,4.543,4.523,5.239,5.661,5.75,4.482,5.09,6.641,6.198,6.466,7.256,8.711,10.547,12.645,13.432,15.926,11.913,13.707,18.525,19.047,18.092,17.098,12.931,11.399,12.128,13.568,13.47,12.003,15.686,16.263,15.724,15.722,15.816,15.987
Bulgaria,32.353,34.895,36.394,37.4,39.728,34.016,30.106,34.897,57.029,58.082,25.608,2.509,10.183,5.527,9.717,16.276,12.295,11.317,15.031,13.628,13.246,14.183,16.403,21.146,26.158,29.868,34.38,44.404,54.434,52.024,50.383,57.388,54.031,55.617,56.902,50.647,53.802,59.093,66.294,68.563,69.209,77.907,84.308,91.121,97.967,104.696,111.223
Burkina Faso,2.386,2.076,1.934,1.767,1.579,1.746,2.29,2.665,2.942,2.942,3.488,3.526,3.775,3.599,2.164,2.676,2.909,2.753,3.155,3.388,2.961,3.19,3.62,4.74,5.449,6.15,6.548,7.627,9.45,9.44,10.118,12.078,12.569,13.444,13.947,11.833,12.83,14.102,16.067,15.991,17.378,19.932,21.887,23.93,26.099,28.409,30.839
Burundi,0.951,0.989,1.045,1.106,1.005,1.17,1.233,1.161,1.088,1.131,1.131,1.167,1.082,0.938,0.924,1,0.868,0.972,0.893,0.866,0.87,0.877,0.825,0.785,0.915,1.117,1.273,1.356,1.612,1.775,2.032,2.236,2.333,2.456,2.706,3.104,2.96,3.172,3.037,3.012,3.04,3.193,3.396,3.637,3.9,4.192,4.498
Cabo Verde,0.157,0.154,0.155,0.152,0.145,0.152,0.21,0.26,0.292,0.295,0.339,0.353,0.395,0.398,0.448,0.536,0.553,0.54,0.575,0.657,0.609,0.616,0.679,0.891,1.023,1.091,1.237,1.513,1.788,1.698,1.664,1.866,1.742,1.85,1.86,1.597,1.663,1.77,1.967,1.982,1.707,1.886,2.063,2.261,2.474,2.709,2.934
Cambodia,no data,no data,no data,no data,no data,no data,0.205,0.141,0.276,0.346,0.899,2.011,2.439,2.427,2.765,3.441,3.507,3.443,3.13,3.513,3.667,3.992,4.289,4.665,5.334,6.287,7.268,8.63,10.342,10.391,11.232,12.818,14.057,15.228,16.702,18.083,20.043,22.208,24.599,27.088,25.192,26.08,27.985,30.254,32.741,35.453,38.423
Cameroon,8.193,9.281,8.901,8.972,9.482,9.903,12.909,14.952,15.184,13.539,13.553,15.112,13.851,14.451,9.833,9.326,10.393,10.509,10.495,10.695,9.802,10.377,11.588,14.558,17.44,17.974,19.374,22.397,26.514,26.094,26.191,29.37,29.121,32.358,34.999,30.932,32.635,34.997,38.712,39.009,39.938,44.806,48.29,52.073,56.288,61.106,66.217
Canada,276.035,307.246,314.639,341.863,356.728,366.184,379.015,433.14,509.38,567.225,596.089,612.514,594.376,579.059,579.913,605.941,630.598,655.01,634.004,678.417,744.631,738.968,760.149,895.599,1026.473,1173.505,1319.356,1468.896,1552.864,1376.509,1617.345,1793.327,1828.362,1846.595,1805.751,1556.508,1527.996,1649.266,1721.822,1741.576,1644.037,2015.983,2189.786,2306.066,2413.394,2520.113,2630.942
Central African Republic,0.714,0.743,0.719,0.69,0.67,0.883,1.158,1.275,1.372,1.354,1.572,1.498,1.494,1.309,0.858,1.117,1,0.979,1.036,1.039,0.868,0.899,0.983,1.188,1.31,1.413,1.538,1.755,2.033,2.059,2.141,2.435,2.512,1.692,1.896,1.696,1.825,2.072,2.28,2.277,2.387,2.587,2.797,3.016,3.25,3.498,3.76
Chad,0.738,0.873,0.844,0.844,0.907,0.983,1.211,1.372,1.604,1.515,1.826,1.809,1.886,1.648,1.335,1.636,1.819,1.748,1.975,1.739,1.572,1.936,2.257,3.102,5.003,6.676,7.451,8.687,10.43,9.315,10.701,12.183,12.411,12.994,14.003,10.952,10.202,10.079,11.036,10.934,10.836,12.345,12.953,13.722,14.794,15.967,17.117
Chile,28.828,34.133,25.45,20.673,20.104,17.238,18.531,21.856,25.765,29.679,32.998,37.981,46.27,49.505,57.113,73.599,78.023,84.908,81.561,75.097,77.817,70.971,69.73,75.643,99.226,123,154.864,173.569,179.484,172.526,218.321,252.097,267.021,278.347,260.473,243.89,250.332,276.929,297.501,279.338,252.821,331.25,352.664,374.228,394.697,415.88,438.12
"China, People's Republic of",303.004,288.699,284.601,305.428,314.23,310.133,300.92,327.728,408.663,458.18,396.59,413.209,492.148,617.433,561.686,730.996,860.468,957.991,1024.167,1088.346,1205.532,1333.649,1465.829,1656.962,1949.446,2290.019,2754.149,3555.655,4577.28,5088.992,6033.83,7492.212,8539.584,9624.928,10524.241,11113.508,11226.897,12265.327,13841.812,14340.6,14866.741,16862.979,18463.13,19993.495,21594.809,23266.926,24996.04
Colombia,46.482,50.64,54.23,53.899,53.235,48.561,48.628,50.619,54.57,55.026,56.048,57.931,68.551,77.69,97.626,110.519,116.083,127.439,117.677,103.091,99.23,97.566,97.313,94.034,116.336,145.601,161.793,206.23,242.504,232.469,286.498,334.966,370.691,382.093,381.241,293.493,282.72,311.89,334.124,323.375,271.554,300.791,319.29,336.247,354.264,373.374,393.684
Comoros,0.242,0.212,0.201,0.195,0.188,0.191,0.257,0.312,0.336,0.328,0.401,0.4,0.436,0.427,0.314,0.392,0.392,0.362,0.363,0.372,0.339,0.373,0.427,0.547,0.622,0.656,0.689,0.796,0.916,0.904,0.909,1.023,1.016,1.116,1.15,0.966,1.013,1.077,1.179,1.188,1.216,1.281,1.363,1.453,1.551,1.664,1.786
"Congo, Dem. Rep. of the",68.606,59.726,64.939,52.378,34.951,31.943,35.84,33.932,39.314,40.006,41.448,40.25,36.333,47.45,25.746,25.021,32.099,28.819,21.089,19.147,19.077,7.246,8.72,9.022,10.275,12.069,14.376,16.778,19.548,18.495,21.541,25.853,29.35,32.695,35.911,37.915,36.64,37.981,47.146,50.399,48.707,54.832,59.246,64.296,69.741,75.626,81.356
"Congo, Republic of ",2.165,1.775,1.548,1.407,1.294,1.327,1.815,2.205,2.346,2.478,2.909,3.035,3.28,3.004,2.068,2.457,2.84,2.568,2.24,2.646,3.624,3.038,3.33,3.863,5.101,6.654,8.073,8.784,11.649,9.713,13.159,15.653,17.704,17.959,17.918,11.891,10.159,11.11,13.649,12.791,10.329,12.744,13.303,13.85,15,15.563,16.03
Costa Rica,4.854,2.636,2.619,3.162,3.678,3.941,4.425,4.554,4.636,5.25,5.737,7.197,8.566,9.586,10.489,11.578,11.683,12.618,13.688,14.259,15.016,15.979,16.584,17.277,18.615,20.049,22.717,26.885,30.802,30.746,37.656,42.762,47.231,50.949,52.017,56.442,58.847,60.517,62.422,64.067,61.833,61.46,64.374,68.167,72.222,76.386,81.076
Croatia,no data,no data,no data,no data,no data,no data,no data,no data,no data,no data,no data,no data,12.168,12.885,17.237,22.243,23.449,23.819,25.182,23.223,21.634,23.055,26.814,34.682,41.587,45.377,50.423,60.073,70.234,62.6,59.919,62.538,56.581,58.194,57.64,49.526,51.601,55.482,61.375,60.752,56.171,63.399,68.525,73.979,78.892,83.531,88.26
Cyprus,2.314,2.242,2.319,2.321,2.447,2.611,3.317,3.979,4.589,4.901,6.003,6.195,7.424,7.098,8.004,9.937,10.016,9.544,10.251,10.502,9.988,10.397,11.422,14.552,17.328,18.713,20.422,24.082,27.956,26.02,25.753,27.56,24.993,23.9,23.162,19.844,20.947,22.721,25.322,24.953,23.785,26.546,28.291,30.421,32.361,34.436,36.674
Czech Republic,no data,no data,no data,no data,no data,no data,no data,no data,no data,no data,no data,no data,no data,no data,no data,60.139,67.388,62.171,66.782,65.173,61.823,67.809,82.184,100.125,119.815,137.143,156.264,189.988,237.131,207.558,209.07,229.563,208.858,211.686,209.359,188.033,196.272,218.629,248.95,252.498,245.349,276.914,302.061,324.563,345.949,367.858,387.437
Côte d'Ivoire,13.877,11.501,10.32,9.312,9.284,9.47,12.675,13.944,14.092,13.487,14.923,14.504,15.416,15.268,11.492,15.205,16.78,16.203,17.433,17.114,14.851,15.485,17.147,21.205,22.924,23.625,24.628,28.158,33.621,33.693,34.431,35.529,37.03,43.228,48.882,45.815,47.964,51.588,58.011,58.539,61.231,68.845,75.075,82.116,89.594,97.627,105.963
Denmark,71.127,61.878,60.413,60.645,59.105,62.658,88.079,109.414,115.552,112.41,138.248,139.226,152.915,143.195,156.164,185.008,187.633,173.539,176.991,177.964,164.158,164.791,178.635,218.097,251.375,264.467,282.886,319.424,353.359,321.243,321.995,344.003,327.149,343.584,352.994,302.673,313.116,332.121,356.841,347.561,356.085,396.666,414.55,436.621,460.117,484.377,508.764
Djibouti,no data,no data,no data,no data,no data,no data,no data,no data,no data,no data,0.635,0.649,0.671,0.654,0.69,0.699,0.693,0.706,0.722,0.759,0.78,0.811,0.837,0.881,0.935,0.995,1.079,1.19,1.381,1.425,1.542,1.739,1.9,2.043,2.216,2.445,2.619,2.767,3.013,3.346,3.44,3.654,3.932,4.251,4.596,4.969,5.373
Dominica,0.073,0.082,0.09,0.099,0.109,0.119,0.135,0.152,0.171,0.185,0.201,0.22,0.234,0.246,0.264,0.275,0.292,0.303,0.322,0.332,0.333,0.34,0.333,0.343,0.367,0.364,0.39,0.421,0.458,0.489,0.494,0.501,0.486,0.498,0.52,0.541,0.576,0.54,0.564,0.616,0.544,0.571,0.628,0.678,0.725,0.771,0.806
Dominican Republic,8.672,9.698,9.141,9.461,14.87,6.496,7.891,8.305,7.605,8.589,7.995,9.887,11.605,13.081,14.645,16.637,18.242,20.017,21.672,22.137,24.306,25.602,27.249,21.518,22.506,35.948,37.998,44.067,48.206,48.319,53.921,58.088,60.747,62.758,67.264,71.254,75.777,80.082,85.63,89.032,78.923,89.502,97.371,104.389,111.854,119.881,128.418
Ecuador,16.84,17.243,17.214,15.129,16.101,18.83,13.816,12.91,12.277,12.049,12.236,13.73,15.012,17.537,21.147,22.968,24.035,27.009,27.474,19.74,18.319,24.468,28.549,32.433,36.592,41.507,46.802,51.008,61.763,62.52,69.555,79.277,87.925,95.13,101.726,99.29,99.938,104.296,107.562,108.108,98.808,104.483,109.975,114.076,118.502,123.202,128.089
Egypt,23.523,25.76,30.479,37.254,41.888,48.841,54.076,77.359,92.53,115.362,96.087,48.431,44.168,49.526,54.55,63.25,71.118,79.777,89.189,95.039,104.752,102.273,90.261,85.163,82.855,94.127,112.902,137.055,170.797,198.316,230.024,247.726,278.769,288.007,305.567,332.075,332.484,236.528,250.253,302.335,363.245,396.328,438.348,476.362,515.187,557.397,605.478
El Salvador,3.912,3.449,3.406,3.261,2.385,2.319,2.335,2.374,2.771,3.167,4.818,5.252,5.813,6.68,7.679,8.922,9.586,10.222,10.937,11.284,11.785,12.283,12.664,13.244,13.725,14.698,16,17.012,17.987,17.602,18.448,20.284,21.386,21.991,22.593,23.438,24.191,24.979,26.021,26.897,24.639,27.665,29.316,30.458,31.544,32.542,33.487
Equatorial Guinea,0.032,0.03,0.035,0.04,0.044,0.074,0.091,0.111,0.119,0.105,0.133,0.132,0.16,0.162,0.12,0.169,0.276,0.526,0.44,0.738,1.159,1.674,2.071,3.768,5.954,8.187,10.095,13.089,19.83,15.088,16.314,21.357,22.388,21.949,21.765,13.185,11.241,12.201,13.097,11.417,10.036,12.528,12.074,12.179,12.478,12.639,12.943
Eritrea,no data,no data,no data,no data,no data,no data,no data,no data,no data,no data,no data,no data,0.606,0.374,0.433,0.483,0.579,0.594,0.626,0.614,0.547,0.582,0.564,0.673,0.858,0.85,0.937,1.02,0.923,1.297,1.59,2.065,2.255,1.958,2.604,2.016,2.213,1.904,2.006,1.982,2.084,2.254,2.484,2.651,2.812,2.981,3.161
Estonia,no data,no data,no data,no data,no data,no data,no data,no data,no data,no data,no data,no data,no data,1.791,2.507,3.909,4.785,5.16,5.678,5.772,5.707,6.269,7.391,9.891,12.158,14.126,17.047,22.476,24.433,19.693,19.568,23.21,23.034,25.116,26.641,22.893,24.066,26.915,30.503,31.049,30.626,36.039,39.542,42.602,45.784,48.968,52.231
Eswatini,0.754,0.798,0.714,0.734,0.628,0.497,0.635,0.831,0.986,1.006,1.237,1.285,1.425,1.497,1.621,1.932,1.83,1.957,1.797,1.764,1.739,1.544,1.436,2.198,2.774,3.177,3.293,3.465,3.298,3.596,4.438,4.826,4.887,4.6,4.426,4.061,3.815,4.407,4.666,4.471,3.981,4.517,4.794,4.985,5.216,5.463,5.965
Ethiopia,7.385,7.578,7.973,8.863,8.375,9.808,10.188,10.89,11.285,11.872,12.595,13.928,14.696,9.143,8.135,8.431,8.826,8.909,8.078,7.927,8.235,8.223,7.851,8.623,10.142,12.408,15.283,19.701,26.839,32.464,29.917,31.958,42.221,46.544,54.165,63.081,72.12,76.841,80.207,92.608,96.611,92.757,no data,no data,no data,no data,no data
Fiji,1.303,1.339,1.293,1.217,1.276,1.236,1.398,1.276,1.202,1.281,1.448,1.5,1.659,1.772,1.977,2.134,2.307,2.268,1.795,2.104,1.824,1.798,1.996,2.509,2.954,3.257,3.361,3.688,3.816,3.106,3.402,4.094,4.303,4.539,4.857,4.682,4.93,5.353,5.581,5.496,4.494,4.639,5.01,5.537,6.023,6.432,6.794
Finland,53.714,52.62,53.111,51.056,53.032,56.223,73.652,91.775,109.255,119.106,141.718,128.194,113.134,89.279,103.739,134.339,132.183,127.076,134.212,135.398,126.075,129.534,140.305,171.609,197.39,204.999,217.101,256.408,285.685,253.222,249.628,275.556,258.454,271.366,274.934,234.558,240.705,255.558,275.84,268.812,269.557,296.016,314.538,329.679,345.687,363.553,378.43
France,701.305,615.552,584.872,559.889,530.697,553.143,771.488,934.146,1018.813,1025.163,1269.139,1269.225,1401.402,1322.886,1393.976,1600.997,1605.765,1452.888,1503.15,1492.666,1362.525,1376.714,1495.657,1840.851,2116.484,2194.733,2318.605,2657.1,2915.822,2690.983,2642.435,2862.025,2683.893,2811.04,2852.171,2438.208,2471.261,2589.031,2789.68,2728.834,2624.416,2940.428,3140.031,3281.714,3415.953,3543.562,3668.236
Gabon,4.559,4.111,3.853,3.689,3.547,3.736,4.889,3.699,4.079,4.458,6.339,5.754,5.955,5.757,4.463,5.281,6.064,5.673,4.774,4.966,5.397,5.023,5.332,6.51,7.767,9.468,10.164,12.457,15.57,12.188,14.384,18.207,17.181,17.596,18.209,14.385,14.02,14.924,16.875,16.875,15.339,18.293,19.632,20.292,21.097,22.163,23.537
"Gambia, The",0.606,0.579,0.548,0.551,0.396,0.482,0.376,0.504,0.585,0.614,0.721,0.76,0.82,0.878,0.87,0.909,0.949,0.983,1.009,1.036,1.01,1.002,0.887,0.843,0.962,1.028,1.054,1.28,1.562,1.45,1.543,1.41,1.415,1.376,1.229,1.355,1.47,1.498,1.662,1.806,1.862,2.042,2.173,2.363,2.566,2.792,3.022
Georgia,no data,no data,no data,no data,no data,no data,no data,no data,no data,no data,no data,no data,no data,no data,0.85,1.961,3.149,3.609,3.708,2.884,3.143,3.309,3.491,4.103,5.27,6.591,7.963,10.459,13.154,11.069,12.243,15.107,16.489,17.19,17.627,14.953,15.141,16.242,17.599,17.477,15.891,17.846,19.688,21.58,23.589,25.789,27.941
Germany,853.705,718.264,693.547,691.912,651.9,661.037,944.124,1174.861,1266.623,1257.393,1598.64,1875.618,2136.312,2072.457,2209.934,2588.002,2498.113,2214.694,2242.065,2197.125,1948.843,1945.804,2077.016,2501.014,2813.076,2848.438,2994.862,3425.982,3744.854,3407.557,3402.444,3748.655,3529.377,3733.859,3890.095,3357.926,3468.896,3689.547,3979.093,3888.756,3843.335,4230.172,4557.35,4774.082,4985.991,5194.802,5406.142
Ghana,37.349,60.693,70.405,47.316,17.112,15.254,14.072,11.776,12.523,12.733,14.749,16.506,16.312,13.348,12.32,14.61,15.482,15.794,17.165,17.765,11.47,12.234,14.205,17.528,20.302,24.6,28.882,34.044,38.658,34.601,43.326,53.849,56.853,63.703,54.285,49.437,56.144,60.385,67.259,68.353,68.498,75.487,82.018,87.736,94.045,101.028,108.37
Greece,56.529,52.161,54.415,49.184,47.922,47.532,55.945,65.129,75.803,78.582,97.137,104.742,115.484,108.103,115.694,135.786,144.642,142.117,143.424,148.151,131.082,135.16,153.152,200.613,238.823,245.92,271.254,316.25,352.866,328.156,297.368,282.946,242.193,238.555,235.669,195.416,192.81,200.055,212.346,205.349,189.259,211.645,224.894,236.236,246.642,257.165,267.015
Grenada,0.111,0.116,0.125,0.132,0.146,0.168,0.188,0.215,0.236,0.267,0.278,0.301,0.31,0.31,0.325,0.342,0.367,0.392,0.446,0.482,0.52,0.52,0.54,0.591,0.599,0.695,0.699,0.759,0.826,0.771,0.771,0.779,0.8,0.843,0.911,0.997,1.062,1.126,1.167,1.188,1.027,1.083,1.16,1.245,1.331,1.402,1.472
Guatemala,7.718,8.431,8.539,8.864,9.276,10.951,5.921,6.857,7.426,8.561,7.493,9.161,10.15,11.032,12.501,14.04,14.993,16.981,18.441,17.391,18.124,19.735,21.924,23.092,24.977,28.179,31.308,35.028,40.242,37.997,41.493,47.419,49.902,52.989,57.835,62.18,66.034,71.624,73.212,77.004,77.603,83.305,89.214,94.084,100.587,107.67,115.366
Guinea,2.4,2.381,2.335,2.284,2.327,2.473,2.675,2.84,3.317,3.384,3.71,4.195,4.57,4.562,4.707,5.139,5.316,5.212,5.003,4.798,4.039,3.806,4.022,4.759,5.054,4.506,4.178,6.317,6.966,6.753,6.858,6.034,7.304,8.374,8.777,8.79,8.604,10.325,11.857,13.514,15.388,16.724,18.223,19.546,21.008,22.532,24.221
Guinea-Bissau,0.289,0.37,0.421,0.475,0.33,0.485,0.474,0.401,0.374,0.449,0.548,0.772,0.846,0.653,0.361,0.778,0.741,0.704,0.592,0.58,0.392,0.413,0.466,0.553,0.582,0.64,0.635,0.753,0.953,0.889,0.941,1.157,1.05,1.11,1.136,1.153,1.245,1.469,1.506,1.44,1.434,1.592,1.721,1.884,2.059,2.247,2.444
Guyana,0.842,0.808,0.692,0.703,0.654,0.697,0.789,0.728,0.828,0.832,0.685,0.744,0.823,1.003,1.176,1.332,1.495,1.587,1.5,1.488,1.497,1.504,1.555,1.592,1.657,1.712,1.899,2.225,2.491,2.596,2.889,3.328,4.063,4.168,4.128,4.28,4.483,4.748,4.788,5.174,5.471,7.395,9.837,12.032,12.557,13.231,14.028
Haiti,2.664,2.932,3.05,3.273,3.627,4.028,4.475,2.205,1.45,1.34,1.706,1.53,0.918,1.107,3.054,4.846,5,5.748,6.408,7.148,6.81,6.285,6.064,4.866,6.037,7.186,7.507,9.522,10.488,11.598,11.852,13.009,13.709,14.904,15.137,14.831,13.996,15.036,16.454,14.787,14.508,20.143,18.825,19.796,20.449,21.302,22.213
Honduras,3.508,3.855,3.97,4.207,4.538,4.976,5.207,5.678,6.324,7.065,4.169,4.195,4.675,4.794,4.693,5.415,5.217,5.736,6.366,6.417,7.187,7.651,7.858,8.23,8.869,9.757,10.917,12.361,13.882,14.587,15.839,17.71,18.529,18.5,19.757,20.98,21.718,23.136,24.068,25.09,23.828,26.325,27.923,29.559,31.287,33.164,35.226
Hong Kong SAR,28.862,31.055,32.291,29.907,33.511,35.7,41.076,50.623,59.708,68.79,76.929,88.96,104.272,120.354,135.812,144.652,159.718,177.349,168.858,165.734,171.643,169.381,166.336,161.37,169.085,181.556,193.515,211.583,219.279,214.048,228.639,248.514,262.629,275.697,291.46,309.386,320.84,341.242,361.692,363.016,346.584,369.722,389.977,409.945,430.43,452.098,475.283
Hungary,23.042,23.629,24.064,21.839,21.174,21.441,24.698,27.144,29.703,30.323,34.366,34.754,38.731,40.125,43.167,46.426,46.659,47.297,48.707,49.073,47.218,53.75,67.609,85.302,103.96,112.981,115.577,139.966,158.136,130.76,131.917,141.76,128.475,135.412,140.765,125.074,128.471,142.962,160.431,163.494,155.013,180.959,198.992,216.443,232.858,247.998,263.069
Iceland,3.434,3.544,3.253,2.795,2.894,3.012,4.017,5.566,6.149,5.705,6.51,6.955,7.112,6.232,6.399,7.131,7.48,7.57,8.504,8.982,9.026,8.235,9.318,11.429,13.825,16.853,17.465,21.653,18.075,13.154,13.751,15.222,14.752,16.125,17.868,17.517,20.793,24.728,26.267,24.858,21.718,25.476,27.172,28.17,29.529,31.047,32.596
India,189.438,196.535,203.537,222.049,215.556,237.618,252.751,283.75,299.645,301.234,326.608,274.842,293.262,284.194,333.014,366.6,399.791,423.189,428.767,466.841,476.636,493.934,523.768,618.369,721.589,834.218,949.118,1238.7,1224.096,1365.373,1708.46,1823.052,1827.637,1856.721,2039.127,2103.588,2294.118,2651.474,2701.112,2870.504,2660.244,2946.061,3250.078,3515.188,3791.005,4084.694,4393.812
Indonesia,99.296,110.848,113.799,103.149,107.218,107.062,101.22,95.214,107.279,122.582,138.258,154.558,168.28,190.913,213.727,244.227,274.722,260.68,115.323,169.158,179.482,174.507,212.807,255.428,279.556,310.815,396.293,470.144,558.582,577.539,755.256,892.59,919.002,916.646,891.051,860.741,932.066,1015.488,1042.711,1120.042,1059.638,1150.245,1247.352,1356.339,1457.354,1561.848,1672.519
Iran,107.697,111.884,128.136,163.488,172.871,180.301,210.514,283.81,307.885,369.961,588.399,299.168,50.109,65.37,82.434,117.803,161.829,185.835,205.711,273.622,362.717,316.205,129.15,151.897,187.546,224.764,265.479,350.068,405.568,414.013,486.774,580.113,392.295,400.087,433.088,385.023,418.064,445.528,456.59,581.252,835.351,1081.383,1136.683,1189.096,1244.879,1303.397,1364.21
Iraq,no data,no data,no data,no data,no data,no data,no data,no data,no data,no data,no data,no data,no data,no data,no data,no data,no data,no data,10.469,18.449,25.857,18.936,18.97,15.8,36.642,50.065,65.144,88.833,131.614,111.66,138.517,185.75,218.032,234.638,234.651,177.634,167.716,192.343,226.87,233.953,169.488,201.472,226.62,239.993,251.504,264.07,277.85
Ireland,21.425,20.423,21.313,20.618,19.883,21.168,28.516,33.66,36.875,38.03,48.199,48.84,54.911,51.364,55.843,69.26,75.928,82.957,90.305,98.993,100.253,109.347,128.505,164.63,194.283,211.993,232.193,270.112,275.417,236.185,222.057,238.936,225.64,238.282,259.037,291.611,298.846,335.312,385.215,399.165,425.549,516.253,550.518,590.053,628.034,668.344,710.49
Israel,23.896,25.32,27.136,30.264,28.65,26.628,32.782,39.154,48.503,49.35,58.234,66.058,73.816,74.189,84.688,100.605,110.182,114.755,116,117.166,132.454,130.818,121.148,127.046,135.572,142.657,154.145,179.163,216.71,207.951,234.655,262.294,258.417,294.167,310.945,300.078,319.025,355.277,373.641,397.935,407.101,467.532,501.409,529.324,556.716,584.148,611.862
Italy,482.019,437.124,432.001,448.304,442.925,457.397,647.819,813.082,900.829,936.906,1169.289,1235.139,1310.659,1053.939,1087.066,1175.276,1312.783,1243.228,1271.701,1253.691,1147.184,1168.031,1275.866,1577.226,1805.722,1859.244,1949.655,2213.365,2408.392,2197.54,2137.845,2294.591,2088.278,2141.954,2162.567,1836.824,1876.554,1961.104,2093.088,2005.135,1884.935,2120.232,2272.269,2369.654,2453.016,2537.659,2618.242
Jamaica,2.565,2.817,3.235,2.875,2.119,1.993,2.369,2.672,3.184,3.692,4.663,4.285,4.328,5.44,5.453,6.549,7.394,8.4,8.787,8.887,9.065,9.195,9.719,9.43,10.175,11.233,11.946,12.881,13.743,12.107,13.193,14.413,14.765,14.213,13.865,14.154,14.108,14.755,15.648,15.808,13.967,14.857,15.63,16.291,16.989,17.706,18.413
Japan,1127.876,1243.79,1157.601,1268.62,1345.204,1427.354,2121.25,2584.339,3134.179,3117.068,3196.556,3657.348,3988.334,4544.766,4998.797,5545.567,4923.393,4492.449,4098.362,4635.981,4968.359,4374.71,4182.845,4519.563,4893.135,4831.466,4601.663,4579.749,5106.679,5289.494,5759.072,6233.147,6272.364,5212.328,4896.995,4444.931,5003.678,4930.837,5036.892,5135.896,5045.101,5103.11,5383.682,5735.342,5958.651,6161.841,6344.454
Jordan,4.03,4.525,4.83,5.075,5.127,5.157,6.604,6.962,6.522,4.385,4.29,4.481,5.537,5.704,6.391,6.857,7.145,7.472,8.159,8.403,8.725,9.255,9.882,10.514,11.768,12.982,15.527,17.645,22.648,24.538,27.134,29.524,31.679,34.503,36.9,38.642,39.949,41.467,42.993,44.566,43.759,45.344,47.5,50.196,53.149,56.276,59.586
Kazakhstan,no data,no data,no data,no data,no data,no data,no data,no data,no data,no data,no data,no data,2.875,5.152,11.881,16.639,21.035,22.166,22.135,16.87,18.292,22.153,24.637,30.834,43.152,57.125,81.003,104.85,133.442,115.309,148.047,192.626,207.999,236.635,221.416,184.388,137.289,166.806,179.34,181.667,171.24,194.024,203.666,218.016,231.869,243.92,258.252
Kenya,20.52,19.327,18.608,17.209,17.856,17.77,21.104,23.136,23.988,23.781,24.746,23.368,23.014,15.989,19.143,24.267,27.562,27.921,30.486,27.901,26.48,26.363,27.934,30.523,30.964,35.709,41.758,50.433,48.255,42.348,45.406,46.554,56.407,61.703,68.395,70.369,74.817,81.964,92.227,100.458,102.427,109.491,116.641,124.675,133.593,143.459,153.99
Kiribati,0.042,0.044,0.041,0.038,0.042,0.032,0.031,0.036,0.045,0.044,0.043,0.047,0.048,0.047,0.055,0.056,0.067,0.067,0.066,0.069,0.068,0.063,0.072,0.091,0.103,0.112,0.11,0.133,0.144,0.134,0.157,0.182,0.19,0.186,0.18,0.171,0.178,0.187,0.2,0.198,0.198,0.232,0.245,0.258,0.27,0.279,0.288
"Korea, Republic of",65.368,72.934,78.349,87.761,97.511,101.296,116.836,147.949,199.593,246.929,283.365,330.658,355.516,392.731,463.432,566.595,610.164,570.594,382.855,497.254,576.483,547.743,626.989,702.696,792.532,934.708,1052.61,1172.465,1049.168,943.739,1143.568,1253.419,1278.046,1370.633,1484.489,1466.039,1499.362,1623.074,1725.373,1651.423,1638.258,1823.852,1907.661,2012.1,2115.032,2217.588,2316.211
Kosovo,no data,no data,no data,no data,no data,no data,no data,no data,no data,no data,no data,no data,no data,no data,no data,no data,no data,no data,no data,no data,2.217,2.509,2.73,3.39,3.71,3.828,4.019,4.868,5.71,5.67,5.841,6.7,6.504,7.074,7.398,6.444,6.717,7.243,7.947,7.953,7.78,8.958,9.752,10.531,11.309,12.088,12.862
Kuwait,28.724,25.249,21.583,20.317,21.457,21.54,17.376,20.817,19.281,23.855,18.293,10.826,19.866,23.996,24.796,27.189,31.492,30.35,25.944,30.123,37.721,34.886,38.135,47.844,59.439,80.807,101.559,114.677,147.402,105.992,115.401,154.02,174.066,174.179,162.695,114.606,109.381,120.687,138.202,136.192,105.949,132.266,138.78,140.964,144.301,148.84,155.117
Kyrgyz Republic,no data,no data,no data,no data,no data,no data,no data,no data,no data,no data,no data,no data,0.917,0.665,1.108,1.493,1.822,1.767,1.63,1.242,1.368,1.525,1.606,1.92,2.214,2.459,2.837,3.807,5.139,4.69,4.794,6.198,6.604,7.335,7.467,6.678,6.813,7.703,8.271,8.872,7.747,8.15,8.928,9.614,10.196,10.823,11.443
Lao P.D.R.,1.913,1.118,1.119,2.047,2.93,3.685,2.577,1.815,1.182,1.46,1.742,2.053,2.354,2.652,3.081,3.579,3.726,3.515,1.334,1.415,1.72,1.757,1.844,2.259,2.649,3.049,3.915,4.757,5.948,6.431,7.504,8.963,10.195,11.974,13.266,14.363,15.905,17.055,18.131,18.771,18.82,19.375,20.631,21.818,23.317,24.994,26.74
Latvia,no data,no data,no data,no data,no data,no data,no data,no data,no data,no data,no data,no data,1.693,2.727,4.53,5.407,5.969,6.523,7.162,7.527,7.953,8.352,9.552,11.754,14.406,16.986,21.536,31.05,35.924,26.386,23.911,28.649,28.346,30.442,31.379,27.253,28.064,30.448,34.432,34.059,33.478,37.199,40.83,43.87,46.789,49.829,52.796
Lebanon,4.019,3.841,2.62,3.61,4.268,3.565,2.779,3.253,3.268,2.681,2.8,4.391,5.47,7.432,8.985,10.967,12.82,15.53,17.054,17.168,17.013,17.355,18.831,19.48,21.153,21.497,22.023,24.827,29.119,35.4,38.444,39.927,44.036,46.909,48.133,50.066,51.389,53.325,55.276,52.371,19.008,no data,no data,no data,no data,no data,no data
Lesotho,0.437,0.443,0.369,0.406,0.363,0.29,0.333,0.435,0.494,0.514,0.62,0.703,0.815,0.814,0.859,0.965,0.914,0.963,0.888,0.871,0.847,0.701,0.767,1.109,1.384,1.484,1.519,1.759,1.652,1.937,2.356,2.571,2.465,2.345,2.477,2.207,2.219,2.356,2.32,2.228,1.999,2.478,2.592,2.718,2.845,2.943,3.091
Liberia,no data,no data,no data,no data,no data,no data,no data,no data,no data,no data,no data,no data,no data,no data,no data,no data,no data,no data,no data,no data,0.863,0.904,0.943,0.714,0.897,0.944,1.109,1.344,1.676,1.765,1.966,2.34,2.675,3.044,3.09,3.092,3.256,3.321,3.264,3.08,3.037,3.384,3.664,3.794,4.086,4.403,4.743
Libya,38.941,33.641,33.541,31.963,29.93,29.44,23.987,22.294,25.067,26.594,30.644,33.908,34.358,30.921,28.796,32.69,35.683,36.531,29.96,35.975,38.271,34.112,20.471,26.186,32.996,47.335,54.963,67.69,73.917,50.808,68.974,31.999,79.759,51.896,24.262,17.216,18.563,30.211,41.432,39.497,19.21,27.3,29.202,29.993,29.869,31.039,32.378
Lithuania,no data,no data,no data,no data,no data,no data,no data,no data,no data,no data,no data,no data,no data,no data,no data,6.696,8.383,10.119,11.24,10.972,11.525,12.238,14.257,18.782,22.624,26.115,30.203,39.764,48.03,37.475,37.195,43.584,42.952,46.537,48.611,41.44,43.035,47.742,53.747,54.646,55.843,62.635,67.659,72.602,77.374,82.006,86.35
Luxembourg,6.46,5.572,4.575,4.491,4.403,4.562,6.638,8.244,9.339,9.944,12.68,13.738,15.39,15.778,17.558,20.655,20.548,18.503,19.342,21.174,21.326,21.291,23.712,29.615,34.733,37.382,42.452,50.959,56.072,51.518,53.308,60.073,56.711,61.758,66.209,57.773,60.716,64.159,70.952,71.113,73.205,83.771,89.683,95.406,101.082,106.664,112.253
Macao SAR,no data,no data,no data,no data,no data,no data,no data,no data,no data,no data,no data,no data,no data,no data,no data,no data,no data,no data,no data,no data,no data,6.86,7.372,8.247,10.643,12.16,14.874,18.44,21.027,21.588,28.242,36.844,43.19,51.536,54.903,45.06,45.085,50.457,55.303,55.154,24.333,29.223,41.847,54.25,64.204,68.655,72.863
Madagascar,5.202,4.759,4.785,4.686,3.906,3.803,4.348,3.213,3.189,3.176,3.931,3.255,3.715,4.063,3.522,3.838,4.932,4.263,4.402,4.278,4.629,5.438,5.352,6.372,5.065,5.859,6.396,8.525,10.725,9.617,9.983,11.552,11.579,12.424,12.523,11.323,11.849,13.176,13.76,14.105,13.179,14.101,15.402,16.781,18.187,19.676,21.264
Malawi,3.022,3.022,2.881,2.986,2.949,2.762,2.883,2.834,3.258,3.715,4.222,5.38,4.394,5.056,2.93,3.412,5.569,6.504,4.275,4.336,4.257,4.178,4.922,4.521,4.895,5.148,5.63,6.24,7.492,8.723,9.796,11.241,8.421,7.648,8.526,9.014,7.733,8.943,9.882,11.031,11.847,12.15,12.008,11.833,11.892,12.157,12.585
Malaysia,26.757,27.321,29.278,32.745,37.087,34.09,30.303,34.529,37.845,41.678,47.236,53.514,64.424,72.858,81.121,96.75,109.839,109.098,78.609,86.203,102.149,101.054,109.833,120.025,135.869,150.345,170.412,202.733,241.763,211.854,258.641,302.184,318.91,327.869,342.868,301.355,301.255,319.109,358.789,365.279,337.008,371.114,415.375,458.209,495.059,534.163,575.911
Maldives,0.063,0.073,0.087,0.094,0.113,0.134,0.158,0.149,0.178,0.201,0.231,0.262,0.306,0.346,0.382,0.466,0.527,0.652,0.693,0.756,0.801,0.767,0.828,1.052,1.227,1.163,1.575,1.868,2.272,2.345,2.588,2.629,2.885,3.286,3.69,4.098,4.367,4.747,5.293,5.632,3.738,4.573,5.296,6.049,6.533,7.027,7.553
Mali,2.031,1.66,1.468,1.418,1.416,1.426,1.981,2.308,2.316,2.827,3.223,3.284,3.372,3.362,2.575,3.337,3.416,3.208,3.328,3.444,2.963,3.468,3.905,4.713,5.452,6.251,6.906,8.157,9.837,10.221,10.698,12.993,12.45,13.243,14.369,13.106,14.022,15.36,17.079,17.281,17.491,19.563,21.261,23.109,25.053,26.855,29.05
Malta,1.202,1.174,1.109,1.083,1.025,1.038,1.348,1.682,1.909,1.999,2.401,2.611,2.906,2.59,2.868,3.38,3.446,3.489,3.697,3.858,4.075,4.089,4.478,5.455,6.102,6.415,6.811,7.989,9.127,8.721,9.043,9.637,9.468,10.551,11.629,11.093,11.693,13.506,15.335,15.728,14.899,16.695,18.209,19.699,21.222,22.7,24.114
Marshall Islands,no data,no data,no data,no data,no data,no data,no data,no data,no data,no data,no data,no data,no data,no data,no data,no data,no data,0.111,0.114,0.115,0.115,0.122,0.132,0.131,0.133,0.137,0.142,0.148,0.152,0.15,0.16,0.172,0.181,0.185,0.182,0.184,0.201,0.212,0.222,0.236,0.244,0.241,0.254,0.265,0.276,0.287,0.297
Mauritania,no data,no data,no data,no data,no data,no data,no data,no data,no data,no data,1.793,2.055,2.164,1.847,1.945,2.092,2.132,2.072,2.027,1.986,1.78,1.746,1.777,2.051,2.362,2.936,4.009,4.328,5.138,4.725,5.637,6.782,6.721,7.331,6.615,6.182,6.414,6.826,7.351,7.889,8.11,9.164,9.336,9.801,10.212,10.541,11.058
Mauritius,1.225,1.163,1.116,1.182,1.094,1.107,1.495,1.893,2.196,2.256,2.706,2.977,3.352,3.455,3.835,4.38,4.529,4.253,4.296,4.536,4.869,4.817,5.055,6.073,6.869,6.775,7.029,8.15,9.99,9.129,10.004,11.518,11.669,12.13,12.803,11.692,12.232,13.259,14.182,14.046,10.921,10.998,11.954,13.056,14.287,15.543,16.829
Mexico,228.606,293.61,213.077,173.714,204.86,217.388,150.513,165.058,201.926,246.079,290.402,348.139,403.733,500.795,527.811,360.096,410.973,500.416,526.522,600.225,707.909,756.693,772.11,729.335,782.243,877.477,975.383,1052.697,1109.987,900.047,1057.801,1180.487,1201.094,1274.444,1315.356,1171.87,1078.493,1158.912,1222.406,1269.432,1073.915,1285.518,1371.635,1446.784,1518.856,1591.396,1665.558
"Micronesia, Fed. States of",no data,no data,no data,no data,no data,no data,no data,no data,no data,no data,no data,no data,no data,no data,no data,0.221,0.218,0.207,0.219,0.22,0.233,0.241,0.242,0.245,0.24,0.25,0.253,0.257,0.263,0.28,0.297,0.311,0.327,0.317,0.319,0.316,0.332,0.367,0.402,0.413,0.407,0.404,0.417,0.442,0.462,0.478,0.492
Moldova,no data,no data,no data,no data,no data,no data,no data,no data,no data,no data,no data,no data,0.864,1.11,1.158,1.441,1.694,1.928,1.697,1.172,1.315,1.481,1.662,1.981,2.598,2.988,3.408,4.401,6.055,5.438,6.977,8.417,8.708,9.496,9.51,7.726,8.072,9.67,11.457,11.972,11.912,12.396,13.315,14.299,15.415,16.575,17.778
Mongolia,3.188,3.336,3.463,3.59,3.316,3.851,4.25,4.776,4.797,4.997,3.131,3.297,1.831,0.901,1.083,1.697,1.576,1.381,1.315,1.236,1.329,1.485,1.634,1.864,2.319,2.523,3.414,4.235,5.623,4.584,7.185,10.41,12.278,12.582,12.227,11.75,11.159,11.426,13.138,13.997,13.137,14.28,15.83,17.357,18.862,20.354,21.833
Montenegro,no data,no data,no data,no data,no data,no data,no data,no data,no data,no data,no data,no data,no data,no data,no data,no data,no data,no data,no data,no data,0.966,1.15,1.269,1.681,2.073,2.261,2.724,3.686,4.564,4.171,4.146,4.544,4.09,4.466,4.595,4.055,4.376,4.855,5.509,5.543,4.786,5.494,6.042,6.55,7.056,7.571,8.099
Morocco,21.998,17.86,18.028,16.296,14.904,15.043,19.864,21.911,25.947,26.706,30.18,32.286,33.712,31.656,35.605,39.029,43.162,39.147,41.806,41.632,38.859,39.46,42.238,52.064,59.626,62.343,68.641,79.041,92.507,92.897,93.217,101.371,98.266,106.826,110.081,101.179,103.312,109.683,118.096,119.871,114.602,126.035,132.645,140.722,149.177,158.231,166.651
Mozambique,4.615,3.585,3.662,3.28,3.417,4.516,5.301,2.395,2.105,2.199,3.529,3.633,2.64,2.73,2.797,2.9,3.857,4.649,5.264,5.976,5.656,5.399,5.677,6.303,7.631,8.542,9.177,10.451,12.556,11.914,11.105,14.382,16.351,16.974,17.716,15.951,11.937,13.219,14.845,15.39,14.029,15.833,16.759,19.356,20.498,21.691,25.234
Myanmar,no data,no data,no data,no data,no data,no data,no data,no data,no data,no data,no data,no data,no data,no data,no data,no data,no data,no data,5.154,6.439,7.736,7.131,6.921,8.881,10.754,12.126,13.585,17.855,25.47,30.864,38.084,53.916,59,60.903,63.153,62.655,60.09,61.267,66.699,68.802,81.257,66.74,63.052,66.593,70.312,74.158,78.257
Namibia,no data,no data,no data,no data,no data,no data,no data,no data,no data,2.605,2.838,2.854,3.014,2.891,3.254,3.503,3.494,3.636,3.215,3.384,3.911,3.55,3.369,4.932,6.617,7.258,7.984,8.73,8.496,8.915,11.281,12.423,13.016,12.168,12.434,11.45,10.719,12.883,13.675,12.563,10.71,12.213,13.122,13.856,14.575,15.322,16.708
Nauru,no data,no data,no data,no data,no data,no data,no data,no data,no data,no data,no data,no data,no data,no data,no data,no data,no data,no data,no data,no data,no data,no data,no data,no data,0.032,0.031,0.029,0.023,0.037,0.044,0.047,0.066,0.097,0.099,0.105,0.087,0.1,0.11,0.124,0.119,0.114,0.133,0.139,0.145,0.149,0.152,0.153
Nepal,2.263,2.647,2.675,2.927,3.096,3.215,3.499,3.629,4.279,4.326,4.452,4.872,4.426,4.754,4.965,5.391,5.557,6.04,6.006,6.177,6.551,6.734,6.832,7.234,8.315,9.351,10.339,11.803,14.342,14.696,18.293,21.733,21.703,22.161,22.722,24.361,24.524,28.972,33.112,34.186,33.983,34.265,36.296,39.381,42.556,45.828,49.299
Netherlands,193.758,162.4,157.338,153.179,142.578,144.655,201.599,246.928,264.223,260.532,321.405,331.097,366.004,355.931,382.55,452.71,450.625,417.329,438.61,447.493,417.664,431.59,473.527,579.925,658.081,685.727,733.994,848.659,951.766,870.572,848.073,905.111,839.455,877.186,892.398,765.65,783.844,833.575,914.458,910.295,913.134,1007.562,1070.754,1128.019,1182.75,1237.823,1290.764
New Zealand,22.526,23.445,23.211,22.459,22.352,22.513,27.397,36.936,45.454,44.093,45.772,43.439,41.53,44.799,52.903,62.261,69.093,68.897,56.8,58.864,54.151,53.123,62.041,82.489,101.564,113.238,109.747,134.856,135.358,121.758,145.301,166.956,175.032,187.168,200.142,176.213,185.956,203.842,210.005,210.443,209.384,247.64,267.636,282.4,294.509,306.857,319.992
Nicaragua,1.832,2.156,2.497,2.9,3.966,3.854,5.8,3.409,1.499,2.082,0.519,3.678,3.894,3.726,3.861,4.14,4.308,4.39,4.635,4.856,5.109,5.335,5.224,5.322,5.793,6.321,6.764,7.423,8.497,8.297,8.759,9.774,10.532,10.983,11.88,12.757,13.286,13.786,13.025,12.625,12.62,13.397,13.948,14.324,14.739,15.264,15.94
Niger,3.531,3.056,2.84,2.538,2.056,2.027,2.68,3.143,3.21,3.068,3.491,3.271,3.372,3.041,1.935,2.296,2.397,2.285,2.639,2.532,2.235,2.442,2.772,3.382,3.746,4.372,4.743,5.716,7.279,7.324,7.838,8.754,9.412,10.206,10.83,9.684,10.35,11.185,12.85,12.912,13.761,15.637,17.261,19.717,22.679,25.372,27.63
Nigeria,no data,no data,no data,no data,no data,no data,no data,no data,no data,no data,62.165,60.131,52.275,56.807,80.128,132.23,172.686,187.866,209.677,57.477,67.824,73.128,93.983,102.935,130.345,169.645,222.791,262.215,330.26,297.458,369.062,414.095,460.952,514.966,568.499,492.437,404.649,375.745,421.737,448.12,429.423,480.482,555.346,635.744,717.41,812.96,921.584
North Macedonia ,no data,no data,no data,no data,no data,no data,no data,no data,no data,no data,no data,no data,2.443,2.687,3.561,4.687,4.642,3.928,3.764,3.867,3.774,3.709,3.991,4.946,5.684,6.257,6.86,8.337,9.912,9.4,9.415,10.499,9.751,10.824,11.378,10.067,10.686,11.336,12.694,12.55,12.288,13.885,14.904,15.913,17.07,18.321,19.607
Norway,64.439,63.597,62.647,61.627,62.058,65.417,78.693,94.231,101.901,102.634,119.791,121.872,130.838,120.579,127.132,152.031,163.52,161.357,154.163,162.285,171.246,173.973,195.525,228.858,264.51,308.884,345.579,400.939,462.25,386.188,428.757,498.283,509.506,522.762,498.41,385.802,368.827,398.394,437,405.51,362.522,445.507,458.398,473.816,486.24,497.549,509.193
Oman,6.342,7.719,8.1,8.491,9.358,10.395,8.229,8.628,8.386,9.372,11.686,11.341,12.452,12.494,12.919,13.803,15.277,15.837,13.997,15.593,19.507,19.452,20.143,21.634,24.764,31.082,37.216,42.085,60.905,48.388,57.048,68.017,76.616,78.784,81.077,68.919,65.481,70.598,79.789,76.332,63.368,80.611,85.719,86.822,88.91,91.709,95.508
Pakistan,30.938,36.599,40.004,37.35,40.549,40.545,41.522,43.401,49.981,52.11,52.298,59.413,63.563,67.274,67.813,79.25,82.758,81.598,81.224,76.919,79.653,77.644,78.258,89.943,105.562,117.798,137.267,152.398,169.726,167.125,176.738,213.308,223.119,230.644,243.94,270.17,278.023,304.603,313.073,276.942,261.726,no data,no data,no data,no data,no data,no data
Palau,no data,no data,no data,no data,no data,no data,no data,no data,no data,no data,no data,no data,no data,no data,no data,no data,no data,no data,no data,no data,0.149,0.156,0.162,0.154,0.165,0.184,0.19,0.194,0.195,0.183,0.183,0.194,0.212,0.224,0.243,0.29,0.3,0.287,0.286,0.275,0.257,0.208,0.242,0.282,0.298,0.312,0.325
Panama,4.104,4.645,5.132,5.269,5.5,5.818,6.046,6.073,5.25,5.264,5.723,6.292,7.153,7.812,8.33,8.515,10.04,10.849,11.762,12.326,12.502,12.704,13.204,13.915,15.255,16.638,18.438,21.296,25.156,27.117,29.44,34.686,40.43,45.6,49.921,54.092,57.908,62.203,64.928,66.788,52.938,60.121,64.366,68.936,73.83,79.072,84.686
Papua New Guinea,4.087,4.011,3.805,3.799,3.509,3.25,3.535,3.885,5.4,5.238,4.757,5.596,6.466,7.349,8.077,7.149,7.608,7.272,5.558,5.072,5.169,4.531,4.387,5.488,6.279,7.339,8.355,9.545,11.671,11.619,14.251,17.985,21.295,21.261,23.211,21.723,20.759,22.743,24.11,24.829,23.279,26.461,28.31,30.008,31.665,33.498,35.381
Paraguay,4.095,5.22,5.47,6.069,4.931,4.214,5.032,4.216,5.584,4.046,4.904,6.984,7.158,7.249,7.871,9.062,9.788,9.965,9.26,8.837,8.856,8.496,7.196,7.691,9.624,10.738,13.43,17.856,24.615,22.355,27.129,33.737,33.296,38.651,40.378,36.211,36.09,38.997,40.225,37.907,35.67,36.973,39.197,41.306,44.013,46.693,49.496
Peru,20.19,24.398,24.259,18.863,19.442,16.823,25.241,41.681,32.978,40.699,28.326,33.988,35.377,34.33,43.225,51.38,53.412,56.281,53.918,48.719,50.414,51.034,53.954,58.537,66.126,74.232,87.459,102.187,121.734,121.531,148.819,170.656,192.85,202.082,202.278,191.247,194.266,214.128,225.369,230.865,205.458,225.858,231.691,246.721,258.714,270.706,283.487
Philippines,37.082,40.735,42.441,37.953,35.86,34.973,34.129,37.932,43.293,48.652,50.508,51.784,60.422,62.037,73.159,84.644,94.65,94.106,74.492,85.64,83.667,78.921,84.307,87.039,95.002,107.422,127.653,155.98,181.007,176.132,208.369,234.217,261.92,283.903,297.484,306.446,318.627,328.481,346.842,376.823,361.489,385.737,406.107,438.182,471.806,506.66,544.175
Poland,56.731,53.752,65.315,75.555,75.656,70.915,73.822,63.84,68.747,67.027,62.206,80.61,88.888,90.544,103.887,139.363,156.993,157.493,172.389,168.13,171.613,190.805,199.07,217.829,255.292,306.304,344.627,429.021,533.6,439.794,479.834,528.292,498.517,521.013,542.602,477.488,472.256,526.643,587.433,597.194,595.916,655.332,720.35,776.332,831.415,891.7,954.582
Portugal,32.607,32.477,30.678,28.267,25.951,27.231,37.869,47.387,55.435,59.806,79.439,89.904,108.119,95.139,99.692,118.182,122.655,117.211,124.124,127.597,118.658,121.605,134.7,165.185,189.296,197.363,208.767,240.524,263.388,244.402,238.308,245.075,216.361,226.437,229.961,199.414,206.369,221.28,242.423,240.013,228.356,251.709,271.191,286.904,301.225,315.408,328.443
Puerto Rico,14.436,15.956,16.764,17.277,19.163,20.289,21.969,23.878,26.178,28.267,30.604,32.287,34.63,36.923,39.691,42.647,45.341,48.187,54.086,57.841,61.702,69.669,72.546,75.834,80.322,83.915,87.276,89.524,93.639,96.386,98.381,100.352,101.565,102.45,102.446,103.376,104.337,103.446,104.925,104.915,103.138,106.576,108.267,109.507,110.463,111.59,112.884
Qatar,6.665,7.374,6.467,5.506,5.708,5.339,4.214,4.441,4.26,4.502,6.266,5.579,6.384,5.804,5.946,6.861,7.761,9.976,8.488,11.266,18.085,17.498,19.334,23.716,30.651,44.636,58.629,75.987,112.621,88.196,119.707,167.775,186.834,198.728,206.225,161.74,151.732,161.099,183.335,175.838,145.45,169.184,180.883,186.491,194.993,203.724,213.828
Romania,46.053,55.319,55.375,48.401,39.111,48.286,52.29,58.477,60.538,54.236,38.516,29.07,19.779,26.624,30.376,35.838,35.692,35.644,42.543,35.953,37.281,40.395,46.065,57.806,74.974,98.454,122.024,174.589,214.317,174.102,166.309,183.326,170.636,190.8,199.961,177.731,188.13,211.696,241.456,249.695,248.716,287.279,314.876,345.319,372.625,401.438,430.219
Russian Federation,no data,no data,no data,no data,no data,no data,no data,no data,no data,no data,1045.455,856.322,71.603,196.227,293.768,335.777,412.685,433.704,287.672,209.657,278.264,328.475,370.062,461.518,633.294,817.717,1060.901,1393.416,1779.109,1307.927,1633.111,2046.621,2191.484,2288.428,2048.836,1356.704,1280.648,1575.14,1653.005,1690.05,1478.571,1647.568,1703.527,1753.94,1813.296,1876.468,1943.775
Rwanda,1.493,1.695,1.808,1.932,1.851,2.199,2.49,2.765,2.959,3.09,2.954,2.179,2.313,2.231,1.418,1.47,1.593,2.144,2.29,2.131,2.049,1.967,1.961,2.137,2.388,2.943,3.317,4.068,5.179,5.671,6.121,6.881,7.651,7.816,8.234,8.542,8.691,9.253,9.641,10.356,10.332,10.395,11.035,11.935,12.873,14.004,15.145
Saint Kitts and Nevis,0.058,0.069,0.079,0.078,0.091,0.101,0.119,0.136,0.161,0.179,0.203,0.201,0.223,0.243,0.272,0.293,0.312,0.351,0.366,0.389,0.421,0.458,0.481,0.469,0.507,0.547,0.644,0.689,0.778,0.774,0.779,0.836,0.826,0.875,0.954,0.958,1.009,1.061,1.079,1.165,0.981,0.976,1.092,1.157,1.21,1.262,1.322
Saint Lucia,0.17,0.194,0.183,0.197,0.251,0.284,0.34,0.375,0.43,0.487,0.58,0.614,0.674,0.685,0.714,0.763,0.789,0.806,0.877,0.922,0.933,0.892,0.9,0.987,1.067,1.136,1.268,1.336,1.438,1.402,1.487,1.577,1.606,1.666,1.756,1.81,1.866,1.997,2.065,2.119,1.617,1.715,1.998,2.218,2.352,2.441,2.527
Saint Vincent and the Grenadines,0.082,0.102,0.114,0.122,0.135,0.146,0.161,0.176,0.201,0.215,0.24,0.255,0.278,0.286,0.289,0.316,0.331,0.348,0.374,0.391,0.396,0.43,0.462,0.482,0.522,0.551,0.611,0.684,0.695,0.675,0.681,0.676,0.693,0.721,0.728,0.755,0.774,0.792,0.811,0.825,0.807,0.769,0.855,0.929,0.99,1.043,1.093
Samoa,0.124,0.116,0.119,0.11,0.108,0.103,0.109,0.121,0.135,0.138,0.177,0.172,0.188,0.193,0.154,0.236,0.251,0.273,0.265,0.255,0.255,0.263,0.286,0.347,0.416,0.478,0.499,0.567,0.659,0.61,0.673,0.758,0.759,0.764,0.757,0.788,0.799,0.832,0.837,0.846,0.812,0.78,0.808,0.86,0.912,0.967,1.018
San Marino,no data,no data,no data,no data,no data,no data,no data,no data,no data,no data,no data,no data,no data,no data,no data,no data,no data,no data,no data,no data,no data,no data,no data,no data,1.714,1.789,1.91,2.189,2.403,2.062,1.883,1.813,1.606,1.678,1.674,1.42,1.468,1.528,1.656,1.616,1.554,1.728,1.831,1.905,1.975,2.052,2.127
Saudi Arabia,164.539,184.292,153.24,129.181,119.631,103.894,86.886,85.582,88.138,95.217,117.473,132.047,136.905,132.79,134.995,143.152,158.451,165.742,146.775,161.717,189.514,184.138,189.606,215.807,258.742,328.206,376.398,415.687,519.797,429.098,528.207,671.239,735.975,746.647,756.35,654.27,644.935,688.586,786.522,792.966,700.118,842.588,876.148,899.11,928.813,963.152,1006.084
Senegal,4.338,3.934,3.85,3.435,3.35,3.668,5.188,6.241,6.173,6.083,7.078,6.955,7.435,7.014,4.746,6.026,6.3,5.867,6.416,6.599,6.016,6.508,7.001,8.767,10.072,11.015,11.699,13.996,16.852,16.128,16.134,17.811,17.672,18.919,19.802,17.777,19.035,20.989,23.127,23.307,24.681,27.576,30.039,34.343,37.559,40.763,43.953
Serbia,no data,no data,no data,no data,no data,no data,no data,no data,no data,no data,no data,no data,no data,no data,no data,no data,no data,22.244,17.423,11.376,9.318,12.321,16.188,21.234,24.76,27.515,32.625,43.425,52.13,45.188,41.397,49.314,43.33,48.428,47.095,39.656,40.693,44.179,50.641,51.475,52.96,60.669,65.697,71.326,76.883,83.069,89.456
Seychelles,0.147,0.154,0.148,0.147,0.151,0.169,0.208,0.249,0.284,0.305,0.369,0.374,0.434,0.474,0.486,0.508,0.503,0.563,0.608,0.623,0.615,0.622,0.698,0.706,0.839,0.919,1.016,1.034,0.998,0.847,0.97,1.018,1.06,1.328,1.343,1.377,1.426,1.528,1.542,1.58,1.138,1.288,1.751,1.942,2.124,2.326,2.557
Sierra Leone,1.701,1.823,2.05,1.782,2.062,1.755,1.314,1.145,1.877,1.724,0.948,1.138,0.992,1.122,1.331,1.273,1.374,1.24,0.981,0.977,0.941,1.084,1.25,1.38,1.439,1.61,1.884,2.159,2.511,2.454,2.578,2.942,3.802,4.916,5.007,4.252,3.855,3.713,4.085,4.119,4.202,4.407,4.587,4.629,4.753,4.959,5.226
Singapore,12.082,14.367,15.879,18.011,19.563,18.573,18.78,21.629,26.551,31.436,38.892,45.465,52.131,60.604,73.689,87.813,96.293,100.124,85.728,86.287,96.077,89.794,92.538,97.646,115.034,127.808,148.627,180.942,193.617,194.15,239.808,279.357,295.093,307.576,314.864,307.999,318.753,343.332,375.963,374.39,339.981,378.645,396.995,418.39,440.071,461.509,483.455
Slovak Republic,no data,no data,no data,no data,no data,no data,no data,no data,no data,no data,no data,no data,no data,13.726,15.838,20.034,21.659,21.927,22.825,20.867,20.73,21.421,24.888,34.085,43.19,49.116,57.492,77.239,97.17,89.302,90.473,99.235,94.589,98.878,101.351,88.512,89.691,95.411,105.574,105.131,104.491,116.748,127.497,137.632,147.03,156.299,164.9
Slovenia,no data,no data,no data,no data,no data,no data,no data,no data,no data,no data,no data,no data,19.271,16.626,16.845,21.384,21.516,20.805,22.168,22.77,20.393,20.901,23.539,29.673,34.448,36.26,39.514,48.073,55.773,50.513,48.248,51.575,46.607,48.416,50.01,43.112,44.754,48.572,54.188,54.185,53.547,60.89,65.475,70.134,74.707,79.393,84.129
Solomon Islands,0.183,0.194,0.193,0.181,0.182,0.166,0.148,0.155,0.176,0.173,0.215,0.228,0.269,0.301,0.403,0.469,0.511,0.527,0.458,0.488,0.42,0.41,0.346,0.353,0.398,0.477,0.539,0.62,0.699,0.736,0.847,1.05,1.191,1.285,1.338,1.311,1.381,1.458,1.566,1.579,1.562,1.649,1.798,1.972,2.121,2.256,2.396
Somalia,no data,no data,no data,no data,no data,no data,no data,no data,no data,no data,no data,no data,no data,no data,no data,no data,no data,no data,no data,no data,no data,no data,no data,no data,no data,no data,no data,no data,no data,no data,no data,3.499,3.611,3.892,3.964,4.049,4.198,4.509,4.651,5.061,4.99,5.424,5.888,6.611,7.385,8.061,8.764
South Africa,no data,no data,no data,no data,no data,no data,no data,no data,no data,no data,no data,no data,no data,147.236,153.569,171.736,163.34,169.004,152.885,151.426,151.855,135.527,129.385,197.017,256.188,288.75,304.055,332.65,316.491,331.184,417.315,458.708,434.4,400.877,381.195,346.663,323.493,381.317,404.673,387.849,335.344,415.315,435.212,453.604,471.944,490.527,532.92
"South Sudan, Republic of",no data,no data,no data,no data,no data,no data,no data,no data,no data,no data,no data,no data,no data,no data,no data,no data,no data,no data,no data,no data,no data,no data,no data,no data,no data,no data,no data,no data,no data,no data,no data,17.186,11.267,14.947,15.383,14.801,3.501,3.495,4.659,4.589,4.44,3.263,4.575,5.85,6,6.002,7.207
Spain,230.759,204.588,197.643,172.856,172.381,181.62,251.304,318.389,374.068,412.59,535.652,576.446,630.122,529.319,531.137,613.946,640.026,589.376,618.414,635.968,598.628,627.834,708.256,907.264,1068.57,1154.354,1260.466,1474.176,1631.685,1489.853,1423.27,1480.45,1325.583,1355.162,1371.576,1195.721,1232.573,1312.076,1421.639,1393.2,1280.459,1439.958,1570.91,1659.884,1742.699,1819.731,1893.262
Sri Lanka,5.024,5.228,5.644,6.093,7.142,7.064,7.571,7.884,8.24,8.271,9.468,10.367,11.176,11.948,13.781,14.635,16.051,17.94,18.429,18.519,19.355,18.609,19.579,21.624,23.628,27.939,32.357,37.023,46.608,48.129,56.732,65.265,68.381,74.253,79.312,80.557,82.39,87.422,87.922,83.978,80.7,80.785,83.315,88.909,94.971,101.438,108.343
Sudan,9.095,6.53,4.748,6.485,7.992,5.547,7.4,11.964,9.551,16.853,2.245,2.528,3.1,5.246,5.961,6.694,8.377,10.241,10.924,10.714,13.134,15.716,18.137,21.355,26.646,35.183,45.264,59.44,64.833,54.812,65.716,66.448,48.948,52.892,60.726,64.536,64.883,47.837,33.432,33.564,34.396,35.919,37.769,40.285,43.716,47.597,51.665
Suriname,1.276,1.427,1.469,1.419,1.387,1.402,1.43,1.573,1.864,2.177,0.577,0.637,0.59,0.465,0.523,0.993,1.234,1.322,1.588,1.308,1.355,1.167,1.474,1.729,2,2.393,2.812,3.144,3.783,4.15,4.677,4.735,5.332,5.51,5.612,5.126,3.317,3.592,3.996,3.984,2.884,2.817,2.937,3.114,3.271,3.431,3.6
Sweden,140.384,128.148,113.059,103.89,108.255,113.249,149.633,181.991,205.883,216.691,259.9,272.205,283.228,212.953,229.034,267.307,291.746,268.146,270.81,274.071,262.834,242.395,266.848,334.337,385.119,392.219,423.091,491.255,517.706,436.536,495.813,574.094,552.484,586.842,581.964,505.104,515.655,541.019,555.455,533.88,541.064,622.365,660.918,711.241,747.591,792.47,837.192
Switzerland,122.701,112.293,114.856,114.512,109.596,111.242,159.381,199.367,215.521,208.386,266.214,269.391,279.957,272.079,301.353,353.265,340.773,295.258,303.777,298.195,279.926,287.536,310.611,363.382,405.064,420.139,443.854,493.903,570.059,558.093,602.885,721.673,692.382,713.232,734.703,702.195,695.434,704.758,736.089,732.492,751.877,810.83,862.819,897.979,945.739,986.27,1038.791
Syria,12.98,16.652,17.415,18.649,19.171,21.177,25.428,32.497,16.538,9.849,12.303,12.738,13.263,13.796,15.105,16.556,17.761,16.573,16.144,16.785,19.861,20.979,22.758,21.702,25.204,28.881,33.824,40.488,52.631,53.939,60.043,no data,no data,no data,no data,no data,no data,no data,no data,no data,no data,no data,no data,no data,no data,no data,no data
São Tomé and Príncipe,0.069,0.084,0.081,0.076,0.079,0.083,0.117,0.117,0.1,0.099,0.12,0.108,0.096,0.127,0.132,0.104,0.136,0.093,0.073,0.078,0.077,0.072,0.08,0.096,0.104,0.125,0.133,0.145,0.188,0.188,0.197,0.233,0.253,0.303,0.349,0.318,0.348,0.376,0.416,0.431,0.477,0.534,0.573,0.616,0.662,0.711,0.772
Taiwan Province of China,42.285,48.969,49.535,54.148,61.071,63.617,78.195,105.039,126.473,152.704,166.622,187.14,222.911,236.339,256.247,279.059,292.494,303.284,279.964,303.83,330.68,299.276,307.439,317.381,346.924,374.06,386.45,406.907,415.901,390.829,444.281,483.974,495.61,512.943,535.328,534.515,543.081,590.733,609.198,612.168,668.156,785.589,850.528,899.873,953.314,999.548,1048.518
Tajikistan,no data,no data,no data,no data,no data,no data,no data,no data,no data,no data,no data,no data,0.291,0.678,0.829,0.569,1.052,1.121,1.32,1.087,0.991,1.057,1.212,1.555,2.073,2.311,2.811,3.712,5.135,4.977,5.642,6.523,7.592,8.506,9.242,7.857,6.953,7.144,7.52,8.117,7.997,8.104,8.756,9.304,9.87,10.498,11.063
Tanzania,10.873,13.005,14.932,15.294,13.915,12.556,15.874,7.821,7.474,6.444,5.172,6.019,5.588,5.17,5.478,6.382,7.889,9.341,11.481,11.777,12.369,12.61,13.125,14.159,15.576,17.174,18.867,21.807,27.762,28.985,31.533,34.067,39.651,45.681,50.002,47.384,49.774,53.227,56.699,60.81,64.403,69.238,74.536,80.081,86.199,92.945,100.211
Thailand,33.422,35.999,37.799,41.366,43.179,40.185,44.52,52.204,63.704,74.637,88.467,101.247,115.576,128.889,146.684,169.279,183.035,150.18,113.676,126.539,126.132,120.105,134.177,152.142,172.752,189.084,221.579,263.007,290.97,281.399,340.928,370.929,397.722,420.364,407.373,401.142,413.497,456.523,506.403,544.21,501.712,546.223,585.586,617.041,654.644,694.098,734.757
Timor-Leste,no data,no data,no data,no data,no data,no data,no data,no data,no data,no data,no data,no data,no data,no data,no data,no data,no data,no data,no data,no data,0.367,0.477,0.469,0.49,0.441,0.462,0.454,0.543,0.648,0.727,0.882,1.055,1.148,1.396,1.447,1.594,1.651,1.599,1.56,2.018,1.777,1.697,1.782,1.875,1.967,2.103,2.253
Togo,1.994,1.656,1.396,1.33,1.222,1.281,1.795,2.107,2.345,2.302,2.772,2.74,2.873,2.189,1.697,2.24,2.448,2.494,2.361,2.37,2.014,2,2.301,2.854,3.048,3.08,3.173,3.592,4.483,4.554,4.63,5.223,5.229,5.831,6.174,5.641,6.03,6.393,7.115,7.221,7.586,8.493,9.357,10.267,11.241,12.286,13.383
Tonga,0.071,0.079,0.079,0.077,0.081,0.076,0.09,0.098,0.115,0.139,0.144,0.169,0.178,0.183,0.189,0.207,0.218,0.222,0.212,0.197,0.203,0.181,0.183,0.202,0.231,0.262,0.292,0.299,0.344,0.312,0.367,0.415,0.471,0.451,0.44,0.437,0.421,0.46,0.486,0.517,0.499,0.501,0.54,0.569,0.602,0.631,0.663
Trinidad and Tobago,6.343,7.113,8.28,7.898,7.891,7.503,4.877,4.88,4.574,4.397,5.155,5.399,5.533,4.656,5.032,5.421,5.859,5.837,6.148,6.925,8.295,8.96,9.148,11.464,13.472,16.17,18.6,22.006,28.233,19.562,22.522,25.789,25.763,27.268,27.616,24.96,22.394,22.385,23.68,23.208,21.587,21.599,23.082,23.885,24.594,25.322,26.075
Tunisia,9.566,9.223,8.9,9.202,9.054,9.245,9.91,10.663,11.073,11.069,13.474,14.202,16.978,15.944,17.052,19.654,21.283,20.747,21.803,22.943,21.474,22.066,23.142,27.454,31.184,32.272,34.377,38.915,44.844,43.466,44.054,45.81,45.044,46.248,47.634,43.172,41.801,39.627,40.139,39.169,39.219,42.733,45.454,47.915,50.505,52.927,55.093
Turkey,96.596,97.865,88.918,84.968,82.642,92.827,102.337,118.926,125.032,147.727,207.508,208.402,219.176,248.573,179.359,233.566,250.486,261.857,275.834,256.566,274.321,202.248,240.191,314.752,409.127,506.186,555.126,680.489,770.82,648.797,776.558,838.508,880.141,957.504,938.512,864.071,869.28,858.932,779.694,760.516,719.919,795.952,844.534,946.01,1060.673,1190.495,1333.772
Turkmenistan,no data,no data,no data,no data,no data,no data,no data,no data,no data,no data,no data,no data,1.629,9.187,7.781,10.063,4.076,4.593,4.903,6.608,8.604,11.878,14.904,19.571,24.32,29.421,36.65,44.476,36.861,34.63,34.877,45.153,51.756,53.124,57.897,42.162,38.502,41.385,40.762,46.264,45.609,53.087,60.263,66.63,73.864,82.072,91.377
Tuvalu,no data,no data,no data,no data,no data,no data,no data,no data,no data,no data,no data,no data,no data,no data,no data,no data,no data,no data,no data,no data,0.015,0.014,0.017,0.02,0.023,0.023,0.024,0.029,0.032,0.028,0.032,0.04,0.039,0.039,0.039,0.037,0.041,0.045,0.048,0.054,0.055,0.065,0.07,0.076,0.082,0.088,0.094
Uganda,7.486,12.12,8.41,9.619,7.399,6.771,6.746,10.878,11.268,9.136,7.452,3.897,3.645,4.311,6.24,7.473,7.713,8.407,8.23,7.823,7.756,7.835,8.425,8.725,10.75,12.46,14.079,17.512,22.419,24.107,24.683,27.501,30.939,32.331,33.122,27.445,29.598,31.398,34.223,38.001,38.141,43.243,47,49.439,54.329,61.29,69.044
Ukraine,no data,no data,no data,no data,no data,no data,no data,no data,no data,no data,no data,no data,22.193,35.025,38.012,38.275,46.083,51.867,43.315,32.661,32.331,37.863,42.339,50.096,64.752,85.996,107.767,143.26,181.313,117.079,136.011,163.161,175.707,179.574,130.571,90.477,93.313,112.114,130.916,153.997,155.3,181.038,203.925,222.822,243.082,266.319,290.806
United Arab Emirates,40.415,45.002,41.848,38.345,38.012,37.31,29.568,32.466,32.999,38.09,49.09,49.821,52.208,53.438,57.45,63.637,70.991,76.171,73.394,82.865,103.893,103.312,109.816,124.346,147.824,180.617,222.117,257.916,315.475,253.547,289.787,350.666,374.591,390.108,403.137,358.135,357.045,385.605,422.215,417.216,358.869,410.158,427.93,443.251,460.524,480.027,501.814
United Kingdom,603.983,587.652,558.72,532.476,504.571,536.938,655.086,813.006,989.57,1007.448,1193.691,1247.882,1289.065,1154.118,1239.716,1341.878,1416.838,1558.529,1651.775,1682.59,1661.335,1639.079,1782.892,2052.787,2413.134,2535.643,2709.826,3094.593,2952.326,2421.024,2484.017,2660.794,2704.498,2785.062,3067.117,2933.433,2703.242,2664.705,2860.982,2833.301,2709.678,3108.416,3442.205,3582.338,3761.685,3959.37,4161.703
United States,2857.325,3207.025,3343.8,3634.025,4037.65,4339,4579.625,4855.25,5236.425,5641.6,5963.125,6158.125,6520.325,6858.55,7287.25,7639.75,8073.125,8577.55,9062.825,9631.175,10250.95,10581.925,10929.1,11456.45,12217.175,13039.2,13815.6,14474.25,14769.85,14478.05,15048.975,15599.725,16253.95,16843.225,17550.675,18206.025,18695.1,19479.625,20527.15,21372.6,20893.75,22939.58,24796.076,25938.159,26980.364,28035.085,29102.501
Uruguay,12.165,13.578,11.1,6.093,5.794,5.662,7.029,8.794,9.098,9.589,11.156,13.445,15.451,17.999,20.965,23.152,24.613,26.044,27.587,26.066,24.804,22.712,14.809,13.109,14.892,18.901,21.314,25.486,32.988,34.395,43.763,52.103,55.692,62.499,62.178,57.874,57.237,64.234,64.766,61.931,56.577,60.108,63.741,65.862,68.59,71.617,74.554
Uzbekistan,no data,no data,no data,no data,no data,no data,no data,no data,no data,no data,no data,no data,4.476,6.897,8.175,12.746,17.453,18.433,18.738,21.362,17.195,14.581,12.106,12.697,15.045,17.939,21.344,27.963,35.858,41.945,49.772,60.213,67.52,73.192,80.848,85.662,85.658,61.018,52.618,59.907,59.928,65.503,72.762,80.97,90.384,100.607,111.963
Vanuatu,0.121,0.114,0.114,0.117,0.144,0.132,0.128,0.139,0.158,0.154,0.169,0.201,0.209,0.2,0.234,0.249,0.261,0.273,0.262,0.268,0.272,0.257,0.262,0.315,0.365,0.39,0.435,0.517,0.582,0.59,0.652,0.738,0.736,0.755,0.774,0.744,0.775,0.88,0.928,0.928,0.932,0.999,1.06,1.127,1.194,1.253,1.315
Venezuela,69.841,78.367,79.998,79.672,57.826,59.865,60.877,46.854,60.378,44.672,48.391,53.382,60.4,59.865,58.357,77.427,70.536,85.684,91.836,97.517,117.596,123.119,95.258,83.684,112.254,143.375,178.521,232.857,306.764,268.624,318.281,352.54,352.191,258.993,203.822,323.595,279.249,143.841,98.4,63.96,47.255,44.893,43.546,no data,no data,no data,no data
Vietnam,35.357,17.617,23.369,35.204,61.171,19.045,43.009,53.385,29.501,7.991,8.217,9.704,12.528,16.736,20.712,26.407,31.352,34.146,34.58,36.444,39.585,41.297,44.563,50.233,62.877,73.197,84.301,98.426,124.756,129.022,143.212,171.312,195.169,212.728,232.888,236.795,252.146,277.071,303.091,327.873,343.114,368.002,415.493,461.023,512.99,570.036,630.465
West Bank and Gaza,no data,no data,no data,no data,no data,no data,no data,no data,no data,no data,no data,no data,no data,no data,2.843,3.283,3.41,3.76,4.068,4.271,4.314,4.004,3.556,3.968,4.603,5.126,5.348,5.816,7.31,8.086,9.682,11.186,12.208,13.516,13.99,13.972,15.405,16.128,16.277,17.134,15.561,17.343,18.784,19.952,20.812,21.606,22.399
Yemen,no data,no data,no data,no data,no data,no data,no data,no data,no data,no data,12.644,14.665,17.959,21.737,28.019,12.796,6.496,6.838,6.322,7.639,9.679,9.853,10.693,11.778,13.868,16.732,19.063,21.651,26.911,25.13,30.907,32.726,35.401,40.415,43.229,42.444,31.318,26.842,21.606,21.888,18.841,19.471,20.02,21.371,22.711,24.257,25.617
Zambia,4.246,4.385,4.232,3.653,3.003,2.848,1.962,2.431,4.095,4.365,4.085,3.69,3.614,3.549,3.657,3.799,3.599,4.303,3.538,3.405,3.601,3.87,4.194,4.902,6.221,8.329,12.762,14.06,17.914,15.332,20.264,23.455,25.502,28.042,27.145,21.245,20.965,25.874,26.312,23.309,19.319,21.699,23.967,24.499,25.245,26.543,28.024
Zimbabwe,no data,no data,no data,no data,no data,no data,no data,no data,no data,no data,10.144,9.45,7.793,7.569,7.959,8.263,10.117,10.386,12.099,11.769,11.34,11.244,10.735,9.574,9.465,9.046,8.141,7.785,6.707,9.666,12.042,14.102,17.115,19.091,19.496,19.963,20.549,22.041,23.516,19.587,21.924,25.791,27.806,27.995,28.483,29.713,31.568
Africa (Region),470.819,479.562,484.751,465.288,407.848,400.741,441.047,494.573,524.683,564.182,656.882,605.786,606.389,604.658,594.224,707.424,789.419,819.942,828.75,685.948,705.801,683.1,698.602,840.69,1004.726,1181.302,1361.355,1587.115,1835.249,1743.57,2044.198,2275.845,2424.463,2502.527,2584.357,2353.868,2237.952,2257.39,2405.657,2473.202,2391.75,2687.173,2918.196,3158.644,3405.493,3680.687,4008.741
Asia and Pacific,2354.583,2515.627,2447.025,2600.981,2758.322,2811.566,3587.107,4261.239,5086.491,5286.148,5513.1,6074.608,6656.169,7496.887,8125.546,9232.181,9010.314,8667.268,7839.145,8713.242,9331.576,8705.793,8939.914,9976.226,11256.702,12172.141,13028.525,14894.18,16853.023,17327.649,20240.625,23288.04,24742.562,25118.456,26035.948,25812.208,26864.722,28798.15,30891.366,31732.644,31730.164,35134.628,37989.487,40926.059,43833.28,46843.964,49947.362
Australia and New Zealand,185.153,211.512,209.919,201.61,219.129,196.58,208.544,249.648,316.048,351.813,369.17,367.223,359.005,353.554,405.466,440.396,492.637,494.433,437.414,469.924,453.252,429.837,486.466,622.051,758.299,847.291,891.041,1082.745,1190.868,1120.684,1397.157,1680.638,1744.343,1705.594,1657.523,1411.051,1452.152,1589.043,1631.199,1602.771,1568.756,1858.196,1945.087,2054.447,2159.384,2264.209,2371.556
Caribbean,18.103,19.8,21.863,21.782,21.786,22.232,21.199,20.1,20.49,22.065,22.403,22.273,22.011,22.706,25.807,31.529,34.056,36.806,39.565,42.145,44.293,44.694,46.372,47.915,53.128,60.129,65.599,74.222,83.808,73.653,78.951,85.609,88.712,91.327,92.774,91.04,86.617,89.788,94.899,94.316,83.293,93.434,99.95,106.908,111.434,116,120.733
Central America,34.6,34.871,35.303,37.123,44.212,38.356,37.626,37.249,35.512,39.978,36.454,45.663,51.857,56.71,62.199,69.247,74.07,80.813,87.502,88.669,94.03,99.289,104.707,102.597,109.741,131.591,144.141,164.073,184.771,184.664,205.556,230.724,248.756,263.77,281.268,301.142,317.761,336.327,349.305,361.503,332.384,361.775,386.51,409.916,436.063,463.979,494.199
Central Asia and the Caucasus,96.596,97.865,88.918,84.968,82.642,92.827,102.337,118.926,125.032,147.727,207.508,208.402,230.666,273.296,212.889,280.741,303.847,319.148,334.44,313.046,331.099,264.344,311.122,400.067,518.604,646.372,742.07,926.608,1071.347,926.42,1109.432,1258.35,1338.7,1458.937,1440.475,1287.226,1226.033,1231.016,1163.776,1163.489,1103.715,1229.249,1308.283,1445.204,1596.881,1765.165,1951.186
East Asia,1570.583,1688.782,1605.841,1749.453,1854.844,1941.951,2662.527,3220.455,3933.413,4048.669,4123.193,4680.611,5165.012,5912.524,6417.057,7268.567,6847.813,6503.049,5955.521,6692.382,7254.026,6726.243,6751.073,7359.836,8153.441,8614.332,8991.802,9930.594,11373.93,11931.686,13616.575,15721.676,16860.511,17009.111,17744.739,17880.128,18605.016,19762.639,21588.103,22117.099,22577.976,24959.532,27010.808,29068.11,31071.098,33118.356,35202.339
Eastern Europe ,160.124,169.825,183.443,185.514,177.958,176.996,183.502,186.925,218.547,212.447,1208.372,1004.597,301.459,458.491,598.651,771.31,891.17,936.871,816.633,702.928,764.913,866.666,979.435,1195.041,1523.042,1865.69,2262.948,2925.983,3656.656,2859.908,3234.205,3824.572,3880.897,4069.763,3827.71,2884.322,2834.405,3306.744,3603.949,3696.753,3458.992,3880.569,4149.177,4396.136,4647.08,4910.911,5179.395
Europe,4006.392,3603.898,3489.381,3400.689,3267.826,3380.819,4556.447,5596.941,6262.572,6363.75,8841.442,9123.681,9130.68,8480.632,9109.103,10529.935,10832.524,10285.752,10459.38,10355.607,9735.44,9899.876,10824.061,13144.445,15270.937,16176.316,17492.178,20399.708,22409.219,19690.669,20010.692,22029.541,21092.996,21984.286,22333.343,19183.684,19192.708,20394.592,22006.071,21708.916,20924.682,23498.813,25268.671,26530.208,27795.438,29092.727,30394.159
Middle East (Region),402.899,435.914,415.639,427.294,428.786,419.585,427.727,521.236,540.262,611.937,886.443,616.325,399.41,422.737,470.983,530.296,610.67,656.159,659.52,772.65,958.403,895.878,721.615,806.606,970.925,1184.02,1394.976,1656.572,2074.423,1828.876,2162.018,2582.013,2570.9,2685.221,2763.807,2396.58,2403.675,2592.959,2840.969,2986.108,2917.591,3523.065,3721.448,3877.183,4048.476,4230.883,4430.959
North Africa,136.375,130.856,135.728,142.243,147.289,163.702,169.372,195.527,206.281,232.288,232.278,175.496,178.432,179.009,178.428,196.689,218.187,224.38,230.945,244.435,258.104,252.655,232.874,258.731,291.993,339.275,387.91,457.679,553.065,522.698,597.476,626.925,710.897,702.732,701.354,659.621,656.193,586.256,625.288,671.942,683.876,756.208,813.844,867.086,918.458,973.968,1034.827
North America,3376.402,3823.836,3888.28,4166.879,4618.401,4942.861,5131.122,5477.326,5973.909,6483.171,6880.22,7151.065,7553.064,7975.327,8434.664,8648.434,9160.037,9781.163,10277.437,10967.657,11765.192,12147.255,12533.905,13157.218,14106.214,15174.096,16197.615,17085.367,17526.341,16850.992,17822.502,18673.891,19384.971,20066.714,20774.228,21037.779,21405.926,22391.249,23576.303,24488.523,23714.841,26347.657,28465.764,29800.515,31023.077,32258.185,33511.885
Pacific Islands ,5.931,5.896,5.644,5.54,5.342,4.995,5.439,5.71,7.232,7.168,6.954,7.912,9.017,10.046,11.088,10.501,11.223,10.901,8.615,8.453,8.21,7.504,7.533,9.305,10.744,12.316,13.591,15.369,17.915,17.107,20.347,25.221,28.945,29.24,31.556,29.858,29.243,31.914,33.709,34.392,31.776,35.262,37.771,40.332,42.786,45.315,47.855
South America,581.546,584.403,494.949,463.925,454.685,500.789,564.945,599.354,667.738,731.262,812.286,834.004,892.106,963.512,1146.877,1434.171,1539.304,1636.547,1616.354,1303.976,1378.632,1266.925,996.983,1073.886,1298.036,1657.832,2016.222,2507.445,3046.045,2935.72,3765.585,4441.181,4430.669,4431.866,4305.002,3721.353,3587.415,3899.477,3649.894,3476.315,2838.765,3243.911,3495.375,3700.088,3936.545,4160.674,4386.801
South Asia,250.41,263.568,273.017,288.938,289.356,313.181,330.822,366.555,392.19,398.684,428.16,386.028,409.683,405.808,459.587,510.597,552.011,578.692,586.647,622.71,637.767,652.632,685.504,798.902,926.636,1060.688,1203.291,1522.414,1549.933,1701.33,2079.49,2256.288,2278.801,2338.896,2563.461,2679.842,2906.845,3329.277,3416.224,3576.127,3365.952,3722.847,4090.916,4432.518,4787.148,5170.082,5571.484
Southeast Asia,245.909,248.004,263.685,270.473,307.009,262.033,277.438,299.945,312.576,332.087,378.115,424.432,482.786,541.658,619.459,721.379,802.784,761.044,516.507,606.727,647.222,625.232,698.216,786.065,888.978,991.143,1186.731,1416.45,1649.03,1630.422,2017.623,2345.866,2491.262,2576.677,2598.194,2524.104,2645.432,2854.26,3058.355,3238.766,3081.99,3329.543,3596.62,3885.447,4175.982,4480.837,4802.942
Sub-Saharan Africa (Region) ,334.444,348.705,349.023,323.044,260.558,237.04,271.676,299.047,318.403,331.894,424.604,430.29,427.956,425.649,415.796,510.734,571.233,595.562,597.804,441.513,447.697,430.445,465.728,581.958,712.733,842.027,973.445,1129.436,1282.183,1220.872,1446.722,1648.92,1713.566,1799.795,1883.003,1694.247,1581.759,1671.134,1780.369,1801.26,1707.874,1930.965,2104.352,2291.558,2487.035,2706.718,2973.914
Western Europe,3846.268,3434.073,3305.938,3215.175,3089.868,3203.823,4372.945,5410.016,6044.024,6151.303,7633.07,8119.084,8829.221,8022.141,8510.452,9758.626,9941.355,9348.881,9642.747,9652.679,8970.526,9033.21,9844.627,11949.404,13747.895,14310.625,15229.23,17473.725,18752.563,16830.76,16776.488,18204.97,17212.099,17914.523,18505.633,16299.363,16358.303,17087.848,18402.122,18012.163,17465.69,19618.245,21119.494,22134.071,23148.358,24181.816,25214.764
Western Hemisphere (Region),4010.651,4462.911,4440.396,4689.71,5139.084,5504.239,5754.891,6134.029,6697.649,7276.477,7751.361,8053.004,8519.038,9018.255,9669.548,10183.382,10807.467,11535.329,12020.858,12402.447,13282.148,13558.163,13681.967,14381.617,15567.118,17023.648,18423.578,19831.107,20840.964,20045.029,21872.594,23431.405,24153.108,24853.677,25453.271,25151.313,25397.72,26716.841,27670.402,28420.657,26969.283,30046.777,32447.599,34017.427,35507.119,36998.837,38513.618
ASEAN-5,231.915,232.519,246.687,250.416,284.515,235.356,253.181,273.265,281.621,295.54,332.686,370.807,421.231,471.433,535.402,621.308,693.598,648.211,416.679,503.984,531.015,515.884,585.687,664.867,746.056,830.864,1000.237,1190.291,1397.077,1375.946,1706.405,1971.232,2092.723,2161.509,2171.664,2106.479,2217.592,2396.672,2557.836,2734.227,2602.96,2821.32,3069.913,3330.793,3591.852,3866.804,4157.826
Advanced economies,8479.586,8612.245,8551.852,8898.66,9308.05,9799.045,11971.017,13920.666,15727.062,16406.486,18412.655,19664.862,21155.503,21314.079,22875.157,25329.221,25504.999,25009.322,25098.698,26429.367,26884.889,26609.179,27759.366,31137.598,34539.731,36338.696,38216.443,41746.978,44080.628,41595.114,43445.076,46652.375,46490.054,46898.344,47978.361,45395.572,46613.594,48611.898,51452.674,51955.575,50668.216,56086.679,60273.873,63292.876,66068.013,68842.554,71613.136
Emerging and Developing Asia,765.423,758.537,774.527,818.606,859.14,835.074,858.567,939.685,1048.926,1117.571,1121.761,1130,1279.77,1447.968,1511.401,1808.33,2049.229,2128.605,1970.633,2164.602,2324.842,2453.597,2688.473,3066.058,3558.121,4111.709,4875.921,6181.434,7437.118,8081.846,9742.649,11638.116,12833.515,14044.967,15171.763,15781.806,16223.775,17845.289,19675.283,20553.645,20758.965,23288.324,25485.811,27601.395,29802.862,32112.087,34515.007
Emerging and Developing Europe,256.72,267.69,272.362,270.481,260.601,269.823,285.839,305.851,343.579,360.173,1415.88,1212.999,499.67,672.195,738.29,887.306,1011.956,1072.025,956.613,826.414,913.321,934.434,1060.545,1308.872,1689.237,2095.957,2500.037,3202.75,3934.724,3083.449,3588.138,4193.964,4323.155,4573.266,4306.27,3343.594,3284.519,3705.202,3864.195,3933.654,3663.358,4095.052,4360.398,4661.275,4981.43,5329.142,5698.187
Emerging market and developing economies,2765.758,2885.666,2725.339,2685.302,2693.817,2717.906,2796.203,3087.353,3384.595,3696.007,5236.573,4808.543,4156.183,4709.091,5094.248,5854.219,6545.615,6955.446,6709.289,6500.862,7131.207,7143.532,7117.448,8024.171,9545.624,11415.344,13503.701,16645.662,19959.667,19068.623,22919.854,27002.295,28548.136,30309.19,31259.517,29558.55,29540.159,32211.263,34430.774,35435.216,34303.433,38848.435,42130.137,45289.247,48605.957,52094.663,55777.553
Euro area,no data,no data,no data,no data,no data,no data,no data,no data,no data,no data,no data,6095.022,6721.925,6109.663,6453.789,7616.922,7733.09,6942.215,7106.925,7117.666,6489.035,6584.422,7182.05,8843.769,10137.152,10511.201,11166.355,12865.281,14144.494,12915.85,12645.183,13633.959,12643.759,13192.377,13510.156,11672.868,11967.505,12671.894,13706.763,13409.167,13000.592,14518.469,15589.162,16364.531,17102.043,17839.214,18558.077
European Union,3209.889,2834.583,2747.61,2686.96,2586.418,2661.872,3656.683,4482.206,4946.901,5036.799,6207.561,6619.927,7312.962,6679.708,7079.955,8282.036,8417.531,7728.441,7964.234,7923.712,7266.687,7382.018,8062.296,9911.663,11395.363,11896.89,12696.225,14713.137,16272.551,14736.77,14558.575,15752.679,14638.793,15294.584,15647.815,13547.917,13885.786,14754.334,15981.295,15682.496,15263.841,17078.376,18353.725,19340.802,20270.731,21215.224,22141.371
Latin America and the Caribbean,862.855,932.684,765.193,696.545,725.543,778.766,774.282,821.761,925.666,1039.385,1161.544,1250.079,1369.707,1543.724,1762.694,1895.044,2058.404,2254.582,2269.943,2035.014,2224.865,2167.601,1920.172,1953.734,2243.147,2727.029,3201.346,3798.437,4424.611,4094.084,5107.892,5938.001,5969.231,6061.407,5994.399,5285.405,5070.287,5484.504,5316.504,5201.565,4328.358,4984.638,5353.47,5663.696,6002.898,6332.049,6667.291
Major advanced economies (G7),6902.247,7116.652,7085.18,7477.089,7869.675,8341.054,10098.407,11607.824,13055.819,13552.803,14986.528,16055.849,17240.473,17585.774,18796.654,20497.411,20460.615,20194.349,20463.882,21571.644,22083.826,21825.23,22503.525,24843.49,27285.2,28482.228,29709.567,31913.934,33450.788,31861.157,33092.133,35192.263,35360.723,35374.063,36225.372,34773.854,35746.727,36964.115,39008.707,39706.099,38645.253,42457.921,45781.398,47987.355,49969.053,51952.433,53932.22
Middle East and Central Asia,555.411,584.579,568.983,583.109,595.966,602.751,613.239,732.974,757.572,863.837,1117.459,790.407,585.016,627.302,674.662,762.289,865.997,917.691,927.968,1046.777,1236.177,1175.728,1003.281,1137.838,1372.329,1677.736,2003.304,2398.563,2952.383,2649.333,3107.348,3658.263,3766.238,3892.021,3973.639,3526.661,3453.734,3562.562,3838.219,3989.89,3890.824,4598.192,4877.144,5125.661,5390.256,5677.775,5991.25
Other advanced economies,774.168,789.571,784.101,782.446,820.508,818.261,997.985,1228.488,1448.061,1575.114,1814.477,1927.44,2056.332,2029.731,2279.107,2686.649,2865.37,2776.768,2505.932,2684.707,2772.734,2689.663,2925.714,3370.862,3852.729,4248.806,4603.045,5265.072,5565.275,5117.884,5892.331,6733.668,6788.817,7019.698,7152.195,6583.035,6717.094,7220.775,7602.769,7463.342,7379.332,8402.036,8872.979,9365.788,9850.604,10324.987,10812.912
Sub-Saharan Africa,325.349,342.175,344.274,316.559,252.566,231.493,264.276,287.082,308.852,315.041,419.93,425.058,422.021,417.901,407.2,501.25,560.03,582.543,584.132,428.054,432.003,412.172,444.977,557.671,682.79,802.913,923.093,1064.478,1210.831,1159.91,1373.827,1573.95,1655.997,1737.529,1813.445,1621.084,1507.844,1613.705,1736.573,1756.461,1661.928,1882.229,2053.315,2237.221,2428.51,2643.611,2905.818
World,11245.344,11497.911,11277.191,11583.961,12001.866,12516.951,14767.22,17008.019,19111.657,20102.494,23649.228,24473.405,25311.686,26023.169,27969.404,31183.44,32050.614,31964.768,31807.986,32930.229,34016.096,33752.711,34876.814,39161.77,44085.354,47754.04,51720.144,58392.64,64040.295,60663.736,66364.93,73654.67,75038.19,77207.534,79237.879,74954.122,76153.753,80823.161,85883.448,87390.791,84971.65,94935.114,102404.01,108582.123,114673.969,120937.217,127390.689
